lead_snp	leadSNP	variant_id_b37	variant_id
rs7716600	rs7716600	5_44875005_A_C_b37	chr5_44874903_A_C_b38
rs76375990	rs76375990	5_50851538_T_C_b37	chr5_51555704_T_C_b38
rs12189522	rs12189522	5_52594007_A_G_b37	chr5_53298177_A_G_b38
rs4254863	rs4254863	5_52694837_T_C_b37	chr5_53399007_T_C_b38
rs4915076	rs4915076	1_108359505_T_C_b37	chr1_107816883_T_C_b38
rs16886165	rs16886165	5_56023083_T_G_b37	chr5_56727256_T_G_b38
rs889312	rs889312	5_56031884_C_A_b37	chr5_56736057_C_A_b38
rs16886364	rs16886364	5_56122344_A_G_b37	chr5_56826517_A_G_b38
rs12655019,rs16886364	rs12655019	5_56195790_A_G_b37	chr5_56899963_A_G_b38
rs12655019,rs16886364	rs16886364	5_56122344_A_G_b37	chr5_56826517_A_G_b38
rs7726354	rs7726354	5_56256483_C_T_b37	chr5_56960656_C_T_b38
rs245279	rs245279	5_57628655_G_A_b37	chr5_58332828_G_A_b38
rs2042329	rs2042329	5_64067752_T_G_b37	chr5_64771925_T_G_b38
rs6885147	rs6885147	5_64448670_C_T_b37	chr5_65152843_C_T_b38
rs184886	rs184886	5_67611486_T_C_b37	chr5_68315658_T_C_b38
rs258892	rs258892	5_72305846_A_C_b37	chr5_73010019_A_C_b38
rs157554	rs157554	5_73239696_C_T_b37	chr5_73943871_C_T_b38
rs72774916	rs72774916	5_81115839_C_T_b37	chr5_81820020_C_T_b38
rs7707921	rs7707921	5_81538046_T_A_b37	chr5_82242227_T_A_b38
rs2407156	rs2407156	5_81636368_A_G_b37	chr5_82340549_A_G_b38
rs78913069	rs78913069	5_82567886_G_A_b37	chr5_83272067_G_A_b38
rs28745309,rs78913069	rs28745309	5_82418056_G_T_b37	chr5_83122237_G_T_b38
rs28745309,rs78913069	rs78913069	5_82567886_G_A_b37	chr5_83272067_G_A_b38
rs28745309	rs28745309	5_82418056_G_T_b37	chr5_83122237_G_T_b38
rs2471042	rs2471042	5_86177773_A_G_b37	chr5_86881956_A_G_b38
rs74501188	rs74501188	5_90226979_G_A_b37	chr5_90931162_G_A_b38
rs10474352,rs12110303	rs10474352	5_90732225_C_T_b37	chr5_91436408_C_T_b38
rs10474352,rs12110303	rs12110303	5_90662839_G_T_b37	chr5_91367022_G_T_b38
rs10474352,rs12110303,rs332529	rs10474352	5_90732225_C_T_b37	chr5_91436408_C_T_b38
rs10474352,rs12110303,rs332529	rs12110303	5_90662839_G_T_b37	chr5_91367022_G_T_b38
rs10474352,rs12110303,rs332529	rs332529	5_90789470_G_A_b37	chr5_91493653_G_A_b38
rs2546191	rs2546191	5_95232541_G_A_b37	chr5_95896837_G_A_b38
rs202110856	rs202110856	NA	NA
rs199817973	rs199817973	NA	NA
rs73227498	rs73227498	5_111485904_A_T_b37	chr5_112150207_A_T_b38
rs75887402	rs75887402	5_122674563_T_C_b37	chr5_123338869_T_C_b38
rs1112956	rs1112956	5_127433798_A_G_b37	chr5_128098106_A_G_b38
rs36715	rs36715	5_127562880_G_A_b37	chr5_128227188_G_A_b38
rs6860806	rs6860806	5_131640536_A_G_b37	chr5_132304843_A_G_b38
rs736801	rs736801	5_131833599_C_T_b37	chr5_132497907_C_T_b38
rs225132	rs225132	1_8095500_T_G_b37	chr1_8035440_T_G_b38
rs6596100	rs6596100	5_132407058_C_T_b37	chr5_133071366_C_T_b38
rs1703426	rs1703426	5_133185535_C_T_b37	chr5_133849844_C_T_b38
rs647161	rs647161	5_134499092_C_A_b37	chr5_135163402_C_A_b38
rs11740657	rs11740657	5_135581659_G_A_b37	chr5_136245971_G_A_b38
rs34357052	rs34357052	5_141195546_T_C_b37	chr5_141815981_T_C_b38
rs250677	rs250677	5_148433549_T_C_b37	chr5_149053986_T_C_b38
rs1493383	rs1493383	5_152991398_C_T_b37	chr5_153611838_C_T_b38
rs11288072	rs11288072	5_158435460_CA_C_b37	chr5_159008452_CA_C_b38
rs139824696	rs139824696	5_158568396_T_C_b37	chr5_159141388_T_C_b38
rs6556756	rs6556756	5_163889280_G_T_b37	chr5_164462274_G_T_b38
rs6869841	rs6869841	5_172939426_C_T_b37	chr5_173512423_C_T_b38
rs10479542	rs10479542	5_178981241_T_A_b37	chr5_179554240_T_A_b38
rs2523607,rs2596500	rs2523607	NA	NA
rs2523607,rs2596500	rs2596500	6_31321267_A_C_b37	chr6_31353490_A_C_b38
rs2806864	rs2806864	1_117469781_C_G_b37	chr1_116927159_C_G_b38
rs845868	rs845868	6_998813_A_G_b37	chr6_998578_A_G_b38
rs11242675	rs11242675	6_1318878_C_T_b37	chr6_1318643_C_T_b38
rs1711973	rs1711973	6_1402537_T_C_b37	chr6_1402302_T_C_b38
rs145711907	rs145711907	NA	NA
rs9379084	rs9379084	6_7231843_G_A_b37	chr6_7231610_G_A_b38
rs80271657	rs80271657	6_11322790_G_A_b37	chr6_11322557_G_A_b38
rs742223	rs742223	6_11705700_G_A_b37	chr6_11705467_G_A_b38
rs418053	rs418053	6_13713366_G_C_b37	chr6_13713134_G_C_b38
rs707824	rs707824	6_14636963_T_C_b37	chr6_14636732_T_C_b38
rs10456809	rs10456809	6_17813825_C_T_b37	chr6_17813594_C_T_b38
rs16882214	rs16882214	6_19443935_C_G_b37	chr6_19443704_C_G_b38
rs4510656,rs7747724	rs4510656	6_20766697_C_A_b37	chr6_20766466_C_A_b38
rs4510656,rs7747724	rs7747724	6_20751315_T_C_b37	chr6_20751084_T_C_b38
rs7747724	rs7747724	6_20751315_T_C_b37	chr6_20751084_T_C_b38
rs6914598	rs6914598	6_21163919_T_C_b37	chr6_21163688_T_C_b38
rs12198220	rs12198220	6_21330293_G_T_b37	chr6_21330062_G_T_b38
rs1740828	rs1740828	6_21649085_G_A_b37	chr6_21648854_G_A_b38
rs13191296	rs13191296	6_25684606_C_T_b37	chr6_25684378_C_T_b38
rs28412066	rs28412066	6_25775570_T_A_b37	chr6_25775342_T_A_b38
rs13191445	rs13191445	6_26015489_G_A_b37	chr6_26015261_G_A_b38
rs13191445,rs13198474	rs13191445	6_26015489_G_A_b37	chr6_26015261_G_A_b38
rs13191445,rs13198474	rs13198474	6_25874423_G_A_b37	chr6_25874195_G_A_b38
rs17598658,rs34107459	rs17598658	6_26175866_A_C_b37	chr6_26175638_A_C_b38
rs17598658,rs34107459	rs34107459	6_26328353_T_C_b37	chr6_26328125_T_C_b38
rs3999544	rs3999544	6_26285867_C_T_b37	chr6_26285639_C_T_b38
rs13220495,rs17598658,rs34107459	rs13220495	6_26441640_C_T_b37	chr6_26441412_C_T_b38
rs13220495,rs17598658,rs34107459	rs17598658	6_26175866_A_C_b37	chr6_26175638_A_C_b38
rs13220495,rs17598658,rs34107459	rs34107459	6_26328353_T_C_b37	chr6_26328125_T_C_b38
rs34107459	rs34107459	6_26328353_T_C_b37	chr6_26328125_T_C_b38
rs12200782	rs12200782	6_26403036_C_G_b37	chr6_26402808_C_G_b38
rs13220495,rs34107459	rs13220495	6_26441640_C_T_b37	chr6_26441412_C_T_b38
rs13220495,rs34107459	rs34107459	6_26328353_T_C_b37	chr6_26328125_T_C_b38
rs13220495,rs34107459,rs3734542	rs13220495	6_26441640_C_T_b37	chr6_26441412_C_T_b38
rs13220495,rs34107459,rs3734542	rs34107459	6_26328353_T_C_b37	chr6_26328125_T_C_b38
rs13220495,rs34107459,rs3734542	rs3734542	6_26468326_G_A_b37	chr6_26468098_G_A_b38
rs13195401,rs13220495,rs36162392,rs3734542	rs13195401	6_26463574_G_T_b37	chr6_26463346_G_T_b38
rs13195401,rs13220495,rs36162392,rs3734542	rs13220495	6_26441640_C_T_b37	chr6_26441412_C_T_b38
rs13195401,rs13220495,rs36162392,rs3734542	rs36162392	6_26569135_T_C_b37	chr6_26568907_T_C_b38
rs13195401,rs13220495,rs36162392,rs3734542	rs3734542	6_26468326_G_A_b37	chr6_26468098_G_A_b38
rs12200782,rs141670911	rs12200782	6_26403036_C_G_b37	chr6_26402808_C_G_b38
rs12200782,rs141670911	rs141670911	6_26581258_A_T_b37	chr6_26581030_A_T_b38
rs10456332,rs12200782,rs141670911	rs10456332	NA	NA
rs10456332,rs12200782,rs141670911	rs12200782	6_26403036_C_G_b37	chr6_26402808_C_G_b38
rs10456332,rs12200782,rs141670911	rs141670911	6_26581258_A_T_b37	chr6_26581030_A_T_b38
rs36162392,rs3734542	rs36162392	6_26569135_T_C_b37	chr6_26568907_T_C_b38
rs36162392,rs3734542	rs3734542	6_26468326_G_A_b37	chr6_26468098_G_A_b38
rs36162392,rs66488313	rs36162392	6_26569135_T_C_b37	chr6_26568907_T_C_b38
rs36162392,rs66488313	rs66488313	6_26631568_G_T_b37	chr6_26631340_G_T_b38
rs10456332	rs10456332	NA	NA
rs34546498,rs55834529	rs34546498	6_26961280_C_T_b37	chr6_26993501_C_T_b38
rs34546498,rs55834529	rs55834529	6_27072542_A_G_b37	chr6_27104763_A_G_b38
rs55834529	rs55834529	6_27072542_A_G_b37	chr6_27104763_A_G_b38
rs71537559	rs71537559	6_27309779_G_C_b37	chr6_27342000_G_C_b38
rs13212562	rs13212562	6_27300310_A_G_b37	chr6_27332531_A_G_b38
rs13212562,rs34196306,rs56114371,rs71537559	rs13212562	6_27300310_A_G_b37	chr6_27332531_A_G_b38
rs13212562,rs34196306,rs56114371,rs71537559	rs34196306	6_27425644_G_C_b37	chr6_27457865_G_C_b38
rs13212562,rs34196306,rs56114371,rs71537559	rs56114371	6_27274834_C_T_b37	chr6_27307055_C_T_b38
rs13212562,rs34196306,rs56114371,rs71537559	rs71537559	6_27309779_G_C_b37	chr6_27342000_G_C_b38
rs13212562,rs34196306,rs71537559	rs13212562	6_27300310_A_G_b37	chr6_27332531_A_G_b38
rs13212562,rs34196306,rs71537559	rs34196306	6_27425644_G_C_b37	chr6_27457865_G_C_b38
rs13212562,rs34196306,rs71537559	rs71537559	6_27309779_G_C_b37	chr6_27342000_G_C_b38
rs149866169,rs34196306	rs149866169	6_27441723_T_A_b37	chr6_27473944_T_A_b38
rs149866169,rs34196306	rs34196306	6_27425644_G_C_b37	chr6_27457865_G_C_b38
rs13217620,rs149866169,rs34196306	rs13217620	6_27653120_C_T_b37	chr6_27685341_C_T_b38
rs13217620,rs149866169,rs34196306	rs149866169	6_27441723_T_A_b37	chr6_27473944_T_A_b38
rs13217620,rs149866169,rs34196306	rs34196306	6_27425644_G_C_b37	chr6_27457865_G_C_b38
rs10807026	rs10807026	6_27555519_A_C_b37	chr6_27587740_A_C_b38
rs7529522	rs7529522	1_118230221_T_C_b37	chr1_117687599_T_C_b38
rs13201294	rs13201294	NA	NA
rs1962373	rs1962373	1_118653766_G_A_b37	chr1_118111143_G_A_b38
rs13199649,rs13217620,rs45509595	rs13199649	6_27868792_C_T_b37	chr6_27901014_C_T_b38
rs13199649,rs13217620,rs45509595	rs13217620	6_27653120_C_T_b37	chr6_27685341_C_T_b38
rs13199649,rs13217620,rs45509595	rs45509595	6_27840926_T_C_b37	chr6_27873148_T_C_b38
rs13199649,rs45509595	rs13199649	6_27868792_C_T_b37	chr6_27901014_C_T_b38
rs13199649,rs45509595	rs45509595	6_27840926_T_C_b37	chr6_27873148_T_C_b38
rs12405132	rs12405132	1_145644984_C_T_b37	chr1_145790097_G_A_b38
rs12405132,rs1552172	rs12405132	1_145644984_C_T_b37	chr1_145790097_G_A_b38
rs12405132,rs1552172	rs1552172	NA	NA
rs35952432	rs35952432	6_28074901_C_T_b37	chr6_28107123_C_T_b38
rs13201681,rs13213986,rs13214023,rs34661125,rs35952432	rs13201681	6_28394680_C_T_b37	chr6_28426903_C_T_b38
rs13201681,rs13213986,rs13214023,rs34661125,rs35952432	rs13213986	6_28358009_T_A_b37	chr6_28390232_T_A_b38
rs13201681,rs13213986,rs13214023,rs34661125,rs35952432	rs13214023	6_28332141_G_A_b37	chr6_28364364_G_A_b38
rs13201681,rs13213986,rs13214023,rs34661125,rs35952432	rs34661125	6_28281894_G_A_b37	chr6_28314117_G_A_b38
rs13201681,rs13213986,rs13214023,rs34661125,rs35952432	rs35952432	6_28074901_C_T_b37	chr6_28107123_C_T_b38
rs13201681,rs13213986,rs13214023,rs34661125	rs13201681	6_28394680_C_T_b37	chr6_28426903_C_T_b38
rs13201681,rs13213986,rs13214023,rs34661125	rs13213986	6_28358009_T_A_b37	chr6_28390232_T_A_b38
rs13201681,rs13213986,rs13214023,rs34661125	rs13214023	6_28332141_G_A_b37	chr6_28364364_G_A_b38
rs13201681,rs13213986,rs13214023,rs34661125	rs34661125	6_28281894_G_A_b37	chr6_28314117_G_A_b38
rs13201681,rs13213986,rs13214023,rs34119086,rs34661125	rs13201681	6_28394680_C_T_b37	chr6_28426903_C_T_b38
rs13201681,rs13213986,rs13214023,rs34119086,rs34661125	rs13213986	6_28358009_T_A_b37	chr6_28390232_T_A_b38
rs13201681,rs13213986,rs13214023,rs34119086,rs34661125	rs13214023	6_28332141_G_A_b37	chr6_28364364_G_A_b38
rs13201681,rs13213986,rs13214023,rs34119086,rs34661125	rs34119086	6_28562247_TG_T_b37	chr6_28594470_TG_T_b38
rs13201681,rs13213986,rs13214023,rs34119086,rs34661125	rs34661125	6_28281894_G_A_b37	chr6_28314117_G_A_b38
rs6456822	rs6456822	6_28480635_T_C_b37	chr6_28512858_T_C_b38
rs594206	rs594206	1_147020456_A_G_b37	chr1_147548685_A_G_b38
rs34119086	rs34119086	6_28562247_TG_T_b37	chr6_28594470_TG_T_b38
rs4324798	rs4324798	6_28776117_G_A_b37	chr6_28808340_G_A_b38
rs148696809,rs4324798	rs148696809	6_28934352_T_C_b37	chr6_28966575_T_C_b38
rs148696809,rs4324798	rs4324798	6_28776117_G_A_b37	chr6_28808340_G_A_b38
rs148696809,rs34119086,rs4324798	rs148696809	6_28934352_T_C_b37	chr6_28966575_T_C_b38
rs148696809,rs34119086,rs4324798	rs34119086	6_28562247_TG_T_b37	chr6_28594470_TG_T_b38
rs148696809,rs34119086,rs4324798	rs4324798	6_28776117_G_A_b37	chr6_28808340_G_A_b38
rs1722784	rs1722784	1_150961869_A_G_b37	chr1_150989393_A_G_b38
rs148696809,rs3129178,rs4324798	rs148696809	6_28934352_T_C_b37	chr6_28966575_T_C_b38
rs148696809,rs3129178,rs4324798	rs3129178	NA	NA
rs148696809,rs3129178,rs4324798	rs4324798	6_28776117_G_A_b37	chr6_28808340_G_A_b38
rs9257408	rs9257408	6_28926220_G_C_b37	chr6_28958443_G_C_b38
rs148696809	rs148696809	6_28934352_T_C_b37	chr6_28966575_T_C_b38
rs77710113	rs77710113	1_154618623_T_C_b37	chr1_154646147_T_C_b38
rs1233480,rs9257809	rs1233480	6_29477414_C_T_b37	chr6_29509637_C_T_b38
rs1233480,rs9257809	rs9257809	6_29356331_A_G_b37	chr6_29388554_A_G_b38
rs4971059	rs4971059	1_155148781_G_A_b37	chr1_155176305_G_A_b38
rs1633096	rs1633096	6_29707267_G_T_b37	chr6_29739490_G_T_b38
rs2523395	rs2523395	6_29702510_G_A_b37	chr6_29734733_G_A_b38
rs3094054	rs3094054	6_30333505_G_T_b37	chr6_30365728_G_T_b38
rs3132615	rs3132615	6_30441303_C_T_b37	chr6_30473526_C_T_b38
rs3132610,rs3132615,rs9262142	rs3132610	6_30544401_A_G_b37	chr6_30576624_A_G_b38
rs3132610,rs3132615,rs9262142	rs3132615	6_30441303_C_T_b37	chr6_30473526_C_T_b38
rs3132610,rs3132615,rs9262142	rs9262142	6_30650026_G_A_b37	chr6_30682249_G_A_b38
rs3129984,rs3132610,rs9262142	rs3129984	6_30761572_C_T_b37	chr6_30793795_C_T_b38
rs3129984,rs3132610,rs9262142	rs3132610	6_30544401_A_G_b37	chr6_30576624_A_G_b38
rs3129984,rs3132610,rs9262142	rs9262142	6_30650026_G_A_b37	chr6_30682249_G_A_b38
rs3129984,rs9262142	rs3129984	6_30761572_C_T_b37	chr6_30793795_C_T_b38
rs3129984,rs9262142	rs9262142	6_30650026_G_A_b37	chr6_30682249_G_A_b38
rs9262142	rs9262142	6_30650026_G_A_b37	chr6_30682249_G_A_b38
rs3129984	rs3129984	6_30761572_C_T_b37	chr6_30793795_C_T_b38
rs3129984,rs9262142,rs9790517	rs3129984	6_30761572_C_T_b37	chr6_30793795_C_T_b38
rs3129984,rs9262142,rs9790517	rs9262142	6_30650026_G_A_b37	chr6_30682249_G_A_b38
rs3129984,rs9262142,rs9790517	rs9790517	4_106084778_C_T_b37	chr4_105163621_C_T_b38
rs2233956	rs2233956	6_31081205_T_C_b37	chr6_31113428_T_C_b38
rs3094222	rs3094222	6_31081434_A_G_b37	chr6_31113657_A_G_b38
rs6457327	rs6457327	6_31074030_A_C_b37	chr6_31106253_A_C_b38
rs4072037	rs4072037	1_155162067_C_T_b37	chr1_155192276_C_T_b38
rs2596500	rs2596500	6_31321267_A_C_b37	chr6_31353490_A_C_b38
rs7524950	rs7524950	1_155272274_C_T_b37	chr1_155302483_C_T_b38
rs2922994	rs2922994	NA	NA
rs10796944	rs10796944	1_155416328_G_A_b37	chr1_155446537_G_A_b38
rs2516448	rs2516448	NA	NA
rs348196	rs348196	1_155666961_T_C_b37	chr1_155697170_T_C_b38
rs2248462	rs2248462	6_31446796_G_A_b37	chr6_31479019_G_A_b38
rs2808630	rs2808630	1_159680868_C_T_b37	chr1_159711078_C_T_b38
rs3132461	rs3132461	6_31480668_G_A_b37	chr6_31512891_G_A_b38
rs2369473	rs2369473	1_160210727_C_A_b37	chr1_160240937_C_A_b38
rs12068654	rs12068654	1_160743749_T_G_b37	chr1_160773959_T_G_b38
rs2239704	rs2239704	6_31540141_A_C_b37	chr6_31572364_A_C_b38
rs3117582	rs3117582	6_31620520_T_G_b37	chr6_31652743_T_G_b38
rs3117582,rs3131378,rs501942	rs3117582	6_31620520_T_G_b37	chr6_31652743_T_G_b38
rs3117582,rs3131378,rs501942	rs3131378	6_31725285_A_G_b37	chr6_31757508_A_G_b38
rs3117582,rs3131378,rs501942	rs501942	6_31840477_C_T_b37	chr6_31872700_C_T_b38
rs3131378	rs3131378	6_31725285_A_G_b37	chr6_31757508_A_G_b38
rs622076	rs622076	6_31826705_G_A_b37	chr6_31858928_G_A_b38
rs9267650	rs9267650	6_31824912_A_T_b37	chr6_31857135_A_T_b38
rs501942	rs501942	6_31840477_C_T_b37	chr6_31872700_C_T_b38
rs3817963	rs3817963	6_32368087_T_C_b37	chr6_32400310_T_C_b38
rs1912453	rs1912453	1_162821291_A_G_b37	chr1_162851501_A_G_b38
rs13196329	rs13196329	6_32325371_A_C_b37	chr6_32357594_A_C_b38
rs2395185,rs9268853	rs2395185	6_32433167_G_T_b37	chr6_32465390_G_T_b38
rs2395185,rs9268853	rs9268853	6_32429643_T_C_b37	chr6_32461866_T_C_b38
rs6903608,rs9269081	rs6903608	6_32428285_C_T_b37	chr6_32460508_C_T_b38
rs6903608,rs9269081	rs9269081	6_32441100_A_C_b37	chr6_32473323_A_C_b38
rs78663305	rs78663305	1_168497741_A_G_b37	chr1_168528503_A_G_b38
rs9269081	rs9269081	6_32441100_A_C_b37	chr6_32473323_A_C_b38
rs12195582	rs12195582	6_32444544_C_T_b37	chr6_32476767_C_T_b38
rs4530903	rs4530903	6_32581889_C_T_b37	chr6_32614112_C_T_b38
rs10752881,rs10911251	rs10752881	1_182973491_A_G_b37	chr1_183004356_A_G_b38
rs10752881,rs10911251	rs10911251	NA	NA
rs73730372	rs73730372	6_32584581_C_T_b37	chr6_32616804_C_T_b38
rs10484561	rs10484561	6_32665420_T_G_b37	chr6_32697643_T_G_b38
rs10752881	rs10752881	1_182973491_A_G_b37	chr1_183004356_A_G_b38
rs2647045	rs2647045	6_32668100_G_A_b37	chr6_32700323_G_A_b38
rs2647012,rs2647046	rs2647012	6_32664458_T_C_b37	chr6_32696681_T_C_b38
rs2647012,rs2647046	rs2647046	6_32668336_A_C_b37	chr6_32700559_A_C_b38
rs7453920	rs7453920	6_32730012_A_G_b37	chr6_32762235_A_G_b38
rs10911251	rs10911251	NA	NA
rs2621416	rs2621416	6_32741868_T_C_b37	chr6_32774091_T_C_b38
rs4282438	rs4282438	6_33072172_T_G_b37	chr6_33104395_T_G_b38
rs2179920	rs2179920	6_33058874_C_T_b37	chr6_33091097_C_T_b38
rs3117027	rs3117027	6_33089623_C_A_b37	chr6_33121846_C_A_b38
rs210143	rs210143	6_33546930_T_C_b37	chr6_33579153_T_C_b38
rs847845	rs847845	6_34923864_G_A_b37	chr6_34956087_G_A_b38
rs1321311	rs1321311	6_36622900_C_A_b37	chr6_36655123_C_A_b38
rs3829964	rs3829964	6_36644498_T_C_b37	chr6_36676721_T_C_b38
rs7742915	rs7742915	6_38147745_C_T_b37	chr6_38179969_C_T_b38
rs2073016	rs2073016	6_41020922_T_C_b37	chr6_41053183_T_C_b38
rs56160832	rs56160832	1_186732170_G_A_b37	chr1_186763038_G_A_b38
rs1983891	rs1983891	6_41536427_C_T_b37	chr6_41568689_C_T_b38
rs10498792	rs10498792	6_51666631_T_C_b37	chr6_51801833_T_C_b38
rs209489	rs209489	6_53177678_C_A_b37	chr6_53312880_C_A_b38
rs1155750	rs1155750	6_54730344_A_G_b37	chr6_54865546_A_G_b38
rs10921219	rs10921219	1_192587863_C_A_b37	chr1_192618733_C_A_b38
rs2342002	rs2342002	6_61951860_G_A_b37	chr6_61285855_C_T_b38
rs9443189	rs9443189	6_76495882_A_G_b37	chr6_75786165_A_G_b38
rs2273669	rs2273669	6_109285189_A_G_b37	chr6_108963986_A_G_b38
rs35452836	rs35452836	6_109699446_A_T_b37	chr6_109378243_A_T_b38
rs10919791,rs3790844	rs10919791	1_199965168_G_A_b37	chr1_199996040_G_A_b38
rs10919791,rs3790844	rs3790844	1_200007432_A_G_b37	chr1_200038304_A_G_b38
rs7765004	rs7765004	6_114071720_A_C_b37	chr6_113750518_A_C_b38
rs339331	rs339331	6_117210052_T_C_b37	chr6_116888889_T_C_b38
rs17635492	rs17635492	6_117771277_A_T_b37	chr6_117450114_A_T_b38
rs3790844	rs3790844	1_200007432_A_G_b37	chr1_200038304_A_G_b38
rs2057314,rs4946260,rs9387479	rs2057314	6_117819357_A_G_b37	chr6_117498194_A_G_b38
rs2057314,rs4946260,rs9387479	rs4946260	6_117822993_C_T_b37	chr6_117501830_C_T_b38
rs2057314,rs4946260,rs9387479	rs9387479	6_117792612_T_C_b37	chr6_117471449_T_C_b38
rs9387479	rs9387479	6_117792612_T_C_b37	chr6_117471449_T_C_b38
rs2816938	rs2816938	1_199985368_T_A_b37	chr1_200016240_T_A_b38
rs25422	rs25422	6_118807847_C_T_b37	chr6_118486684_C_T_b38
rs13328298,rs2797160	rs13328298	6_126016580_G_A_b37	chr6_125695434_G_A_b38
rs13328298,rs2797160	rs2797160	6_126010116_A_G_b37	chr6_125688970_A_G_b38
rs10864459	rs10864459	NA	NA
rs2180341	rs2180341	6_127600630_G_A_b37	chr6_127279485_G_A_b38
rs17601580	rs17601580	6_132061420_G_A_b37	chr6_131740280_G_A_b38
rs228437	rs228437	6_134898456_C_T_b37	chr6_134577318_C_T_b38
rs7745098	rs7745098	6_135415004_C_T_b37	chr6_135093866_C_T_b38
rs10457678	rs10457678	6_139122240_A_G_b37	chr6_138801103_A_G_b38
rs2496589	rs2496589	6_143733576_C_A_b37	chr6_143412439_C_A_b38
rs9485372	rs9485372	6_149608874_G_A_b37	chr6_149287738_G_A_b38
rs9322193	rs9322193	6_149919143_T_G_b37	chr6_149598007_T_G_b38
rs12662670	rs12662670	6_151918856_T_G_b37	chr6_151597721_T_G_b38
rs3757322,rs60954078,rs9397437	rs3757322	6_151942194_T_G_b37	chr6_151621059_T_G_b38
rs3757322,rs60954078,rs9397437	rs60954078	NA	NA
rs3757322,rs60954078,rs9397437	rs9397437	6_151952332_G_A_b37	chr6_151631197_G_A_b38
rs60954078,rs9383938,rs9397437	rs60954078	NA	NA
rs60954078,rs9383938,rs9397437	rs9383938	6_151987357_G_T_b37	chr6_151666222_G_T_b38
rs60954078,rs9383938,rs9397437	rs9397437	6_151952332_G_A_b37	chr6_151631197_G_A_b38
rs140068132	rs140068132	6_151954834_A_G_b37	chr6_151633699_A_G_b38
rs9383938	rs9383938	6_151987357_G_T_b37	chr6_151666222_G_T_b38
rs9383951	rs9383951	6_152295613_G_C_b37	chr6_151974478_G_C_b38
rs2747652	rs2747652	6_152437016_T_C_b37	chr6_152115881_T_C_b38
rs1933488	rs1933488	6_153441079_A_G_b37	chr6_153119944_A_G_b38
rs7740797	rs7740797	6_155121259_G_C_b37	chr6_154800125_G_C_b38
rs6678914	rs6678914	1_202187176_G_A_b37	chr1_202218048_G_A_b38
rs59867004	rs59867004	1_203801249_T_C_b37	chr1_203832121_T_C_b38
rs4269383	rs4269383	6_156197502_A_G_b37	chr6_155876368_A_G_b38
rs12216499	rs12216499	6_159368524_G_T_b37	chr6_158947492_G_T_b38
rs2810650	rs2810650	1_203908118_T_G_b37	chr1_203938990_T_G_b38
rs4245739	rs4245739	1_204518842_C_A_b37	chr1_204549714_C_A_b38
rs2290854	rs2290854	1_204516025_A_G_b37	chr1_204546897_A_G_b38
rs4252707	rs4252707	1_204508147_G_A_b37	chr1_204539019_G_A_b38
rs4646284	rs4646284	6_160581543_T_TG_b37	chr6_160160511_T_TG_b38
rs7758229	rs7758229	6_160840252_G_T_b37	chr6_160419220_G_T_b38
rs9458376	rs9458376	6_162219854_C_T_b37	chr6_161798822_C_T_b38
rs9459805	rs9459805	6_167336151_A_G_b37	chr6_166922663_A_G_b38
rs444210	rs444210	6_167390242_A_G_b37	chr6_166976754_A_G_b38
rs444210,rs4710154	rs444210	6_167390242_A_G_b37	chr6_166976754_A_G_b38
rs444210,rs4710154	rs4710154	6_167394634_A_T_b37	chr6_166981146_A_T_b38
rs444210,rs6920364	rs444210	6_167390242_A_G_b37	chr6_166976754_A_G_b38
rs444210,rs6920364	rs6920364	6_167376466_G_C_b37	chr6_166962978_G_C_b38
rs1775148	rs1775148	1_205757824_C_T_b37	chr1_205788696_C_T_b38
rs17615336	rs17615336	6_167506734_A_G_b37	chr6_167093246_A_G_b38
rs1636744	rs1636744	7_16984280_C_T_b37	chr7_16944656_C_T_b38
rs2724379	rs2724379	1_208076856_A_C_b37	chr1_207903511_A_C_b38
rs117132860	rs117132860	7_17134708_G_A_b37	chr7_17095084_G_A_b38
rs12155172	rs12155172	7_20994491_A_G_b37	chr7_20954872_A_G_b38
rs2285947	rs2285947	7_21584088_G_A_b37	chr7_21544470_G_A_b38
rs17156577	rs17156577	7_28356889_T_C_b37	chr7_28317270_T_C_b38
rs34763909	rs34763909	1_209008062_T_C_b37	chr1_208834717_T_C_b38
rs77702473	rs77702473	7_28868086_C_G_b37	chr7_28828469_C_G_b38
rs2018683	rs2018683	7_29014195_G_T_b37	chr7_28974579_G_T_b38
rs1420338	rs1420338	7_34143256_G_A_b37	chr7_34103644_G_A_b38
rs59964204	rs59964204	NA	NA
rs17688601	rs17688601	7_40866663_C_A_b37	chr7_40827064_C_A_b38
rs11769862	rs11769862	7_44749570_C_T_b37	chr7_44709971_C_T_b38
rs1370916	rs1370916	7_47238707_C_T_b37	chr7_47199109_C_T_b38
rs56232506,rs7776701	rs56232506	7_47437244_G_A_b37	chr7_47397647_G_A_b38
rs56232506,rs7776701	rs7776701	7_47442633_T_C_b37	chr7_47403036_T_C_b38
rs56232506	rs56232506	7_47437244_G_A_b37	chr7_47397647_G_A_b38
rs17811625	rs17811625	7_51284215_C_T_b37	chr7_51216518_C_T_b38
rs11979158	rs11979158	7_55159349_A_G_b37	chr7_55091656_A_G_b38
rs723527	rs723527	7_55134872_A_G_b37	chr7_55067179_A_G_b38
rs34585985	rs34585985	1_210489411_A_G_b37	chr1_210316066_A_G_b38
rs12718945	rs12718945	7_55192963_T_G_b37	chr7_55125270_T_G_b38
rs12095761	rs12095761	1_217023501_A_G_b37	chr1_216850159_A_G_b38
rs1989796	rs1989796	7_86474313_T_C_b37	chr7_86844997_T_C_b38
rs148791337	rs148791337	7_86986144_C_T_b37	chr7_87356828_C_T_b38
rs6964587	rs6964587	7_91630620_G_T_b37	chr7_92001306_G_T_b38
rs35417517,rs6964587	rs35417517	7_91772730_CG_C_b37	chr7_92143416_CG_C_b38
rs35417517,rs6964587	rs6964587	7_91630620_G_T_b37	chr7_92001306_G_T_b38
rs11117758	rs11117758	1_217220574_G_A_b37	chr1_217047232_G_A_b38
rs17268829	rs17268829	7_94113799_T_C_b37	chr7_94484487_T_C_b38
rs6691170	rs6691170	1_222045446_G_T_b37	chr1_221872104_G_T_b38
rs113688544	rs113688544	1_44151911_C_T_b37	chr1_43686240_C_T_b38
rs6465657	rs6465657	7_97816327_C_T_b37	chr7_98187015_C_T_b38
rs79518236	rs79518236	7_98026554_ACT_A_b37	chr7_98397242_ACT_A_b38
rs73183643	rs73183643	7_101418653_G_A_b37	chr7_101775373_G_A_b38
rs71559437	rs71559437	7_101552440_G_A_b37	chr7_101909160_G_A_b38
rs7458786	rs7458786	7_102662478_G_A_b37	chr7_103022031_G_A_b38
rs3752645	rs3752645	7_106782683_G_A_b37	chr7_107142238_G_A_b38
rs11118883	rs11118883	1_222061022_G_A_b37	chr1_221887680_G_A_b38
rs41997	rs41997	7_117991895_A_G_b37	chr7_118351841_A_G_b38
rs4731207	rs4731207	7_124396645_G_A_b37	chr7_124756591_G_A_b38
rs59294613	rs59294613	7_124554267_C_A_b37	chr7_124914213_C_A_b38
rs157935	rs157935	7_130585553_T_G_b37	chr7_130900794_T_G_b38
rs2048672	rs2048672	7_130653851_C_A_b37	chr7_130969092_C_A_b38
rs4593472	rs4593472	7_130667121_C_T_b37	chr7_130982362_C_T_b38
rs68056147	rs68056147	7_130674481_G_A_b37	chr7_130989722_G_A_b38
rs6957511	rs6957511	7_130668618_C_T_b37	chr7_130983859_C_T_b38
rs6971499	rs6971499	7_130680521_T_C_b37	chr7_130995762_T_C_b38
rs6687758	rs6687758	1_222164948_A_G_b37	chr1_221991606_A_G_b38
rs10265693	rs10265693	7_130720805_A_G_b37	chr7_131036046_A_G_b38
rs4731742	rs4731742	7_130754812_G_C_b37	chr7_131070053_G_C_b38
rs2267681	rs2267681	7_139540935_C_G_b37	chr7_139841136_C_G_b38
rs3219090	rs3219090	1_226564691_T_C_b37	chr1_226376990_T_C_b38
rs11977670	rs11977670	7_139942304_G_A_b37	chr7_140242504_G_A_b38
rs62485509	rs62485509	7_144048902_G_T_b37	chr7_144351809_G_T_b38
rs13230714	rs13230714	7_144174291_T_G_b37	chr7_144477198_T_G_b38
rs6948772	rs6948772	7_155400895_T_C_b37	chr7_155608201_T_C_b38
rs1270639	rs1270639	7_157455459_T_C_b37	chr7_157662767_T_C_b38
rs2404618	rs2404618	8_1462268_C_T_b37	chr8_1514102_C_T_b38
rs801114	rs801114	1_228997835_T_G_b37	chr1_228862088_T_G_b38
rs6558578	rs6558578	8_1969726_T_G_b37	chr8_2021565_G_T_b38
rs56804039	rs56804039	8_8381029_C_G_b37	chr8_8523519_C_G_b38
rs11786541	rs11786541	8_9789549_G_T_b37	chr8_9932039_G_T_b38
rs2898279	rs2898279	8_11295251_C_G_b37	chr8_11437742_C_G_b38
rs4649295	rs4649295	1_233416538_T_C_b37	chr1_233280792_T_C_b38
rs6989010	rs6989010	8_12772755_G_T_b37	chr8_12915246_G_T_b38
rs10091877	rs10091877	8_12892386_T_A_b37	chr8_13034877_T_A_b38
rs4921799	rs4921799	8_17507964_A_G_b37	chr8_17650455_A_G_b38
rs11779988	rs11779988	8_17784414_T_C_b37	chr8_17926905_T_C_b38
rs1495741	rs1495741	8_18272881_G_A_b37	chr8_18415371_G_A_b38
rs3816788	rs3816788	8_21832494_A_C_b37	chr8_21974983_A_C_b38
rs6558174	rs6558174	8_22492129_A_G_b37	chr8_22634616_A_G_b38
rs10503733,rs1512268	rs10503733	8_23534018_G_T_b37	chr8_23676505_G_T_b38
rs10503733,rs1512268	rs1512268	8_23526463_T_C_b37	chr8_23668950_T_C_b38
rs10436951,rs144503462	rs10436951	1_243362680_A_G_b37	chr1_243199378_A_G_b38
rs10436951,rs144503462	rs144503462	1_243193272_T_C_b37	chr1_243029970_T_C_b38
rs144503462	rs144503462	1_243193272_T_C_b37	chr1_243029970_T_C_b38
rs10503733	rs10503733	8_23534018_G_T_b37	chr8_23676505_G_T_b38
rs310291	rs310291	8_23659511_G_A_b37	chr8_23801998_G_A_b38
rs11135910	rs11135910	8_25892142_C_T_b37	chr8_26034626_C_T_b38
rs10436951	rs10436951	1_243362680_A_G_b37	chr1_243199378_A_G_b38
rs11780471	rs11780471	8_27344719_G_A_b37	chr8_27487202_G_A_b38
rs12076373	rs12076373	1_243851947_G_C_b37	chr1_243688645_G_C_b38
rs2741348	rs2741348	8_27420782_T_G_b37	chr8_27563265_T_G_b38
rs9693444	rs9693444	8_29509616_A_C_b37	chr8_29652100_A_C_b38
rs11902236	rs11902236	2_10117868_C_T_b37	chr2_9977740_C_T_b38
rs2439302	rs2439302	8_32432369_G_C_b37	chr8_32574851_G_C_b38
rs4236709,rs7820838	rs4236709	8_32410110_G_A_b37	chr8_32552592_G_A_b38
rs4236709,rs7820838	rs7820838	8_32405979_T_C_b37	chr8_32548461_T_C_b38
rs13365225	rs13365225	8_36858483_A_G_b37	chr8_37000965_A_G_b38
rs7832232	rs7832232	8_38469303_A_G_b37	chr8_38611785_A_G_b38
rs1517114	rs1517114	8_69389217_C_G_b37	chr8_68476982_C_G_b38
rs4738017	rs4738017	8_70576130_G_T_b37	chr8_69663895_G_T_b38
rs2926702	rs2926702	8_71167994_C_T_b37	chr8_70255759_C_T_b38
rs13260300	rs13260300	8_75479624_C_T_b37	chr8_74567389_C_T_b38
rs7844233	rs7844233	8_76663881_A_G_b37	chr8_75751646_A_G_b38
rs2219968	rs2219968	8_78956658_G_A_b37	chr8_78044423_G_A_b38
rs6999859	rs6999859	8_80691469_A_G_b37	chr8_79779234_A_G_b38
rs16907718	rs16907718	8_81355863_C_T_b37	chr8_80443628_C_T_b38
rs11993814	rs11993814	8_81389791_C_T_b37	chr8_80477556_C_T_b38
rs9287719	rs9287719	2_10710730_C_T_b37	chr2_10570604_C_T_b38
rs113410521	rs113410521	8_81553857_C_T_b37	chr8_80641622_C_T_b38
rs6473252	rs6473252	8_81800193_C_T_b37	chr8_80887958_C_T_b38
rs5003154	rs5003154	8_81986953_T_C_b37	chr8_81074718_T_C_b38
rs13264970	rs13264970	8_83073829_C_T_b37	chr8_82161594_C_T_b38
rs1864729	rs1864729	8_98282189_G_A_b37	chr8_97269961_G_A_b38
rs7006527	rs7006527	8_101024505_A_C_b37	chr8_100012277_A_C_b38
rs514192	rs514192	8_102478959_A_T_b37	chr8_101466731_A_T_b38
rs199816436	rs199816436	NA	NA
rs11684853	rs11684853	2_19310918_G_T_b37	chr2_19111157_G_T_b38
rs13277568	rs13277568	8_116679547_A_G_b37	chr8_115667320_A_G_b38
rs140355816	rs140355816	8_117574515_C_G_b37	chr8_116562277_C_G_b38
rs3019885	rs3019885	8_118025645_T_G_b37	chr8_117013406_T_G_b38
rs1519814	rs1519814	8_121115024_T_G_b37	chr8_120102785_T_G_b38
rs58847541	rs58847541	8_124610166_G_A_b37	chr8_123597926_G_A_b38
rs970821	rs970821	8_124738618_C_T_b37	chr8_123726378_C_T_b38
rs10088262	rs10088262	8_124765702_A_G_b37	chr8_123753462_A_G_b38
rs16902104	rs16902104	8_128340908_C_T_b37	chr8_127328663_C_T_b38
rs13281615	rs13281615	8_128355618_A_G_b37	chr8_127343372_A_G_b38
rs12710696	rs12710696	2_19320803_T_C_b37	chr2_19121042_T_C_b38
rs11684853,rs12710696	rs11684853	2_19310918_G_T_b37	chr2_19111157_G_T_b38
rs11684853,rs12710696	rs12710696	2_19320803_T_C_b37	chr2_19121042_T_C_b38
rs10096351,rs1562430	rs10096351	8_128372172_A_G_b37	chr8_127359926_A_G_b38
rs10096351,rs1562430	rs1562430	8_128387852_T_C_b37	chr8_127375606_T_C_b38
rs10505477,rs6983267	rs10505477	8_128407443_A_G_b37	chr8_127395198_A_G_b38
rs10505477,rs6983267	rs6983267	8_128413305_G_T_b37	chr8_127401060_G_T_b38
rs7014346	rs7014346	8_128424792_A_G_b37	chr8_127412547_A_G_b38
rs10505477,rs6983267,rs7014346	rs10505477	8_128407443_A_G_b37	chr8_127395198_A_G_b38
rs10505477,rs6983267,rs7014346	rs6983267	8_128413305_G_T_b37	chr8_127401060_G_T_b38
rs10505477,rs6983267,rs7014346	rs7014346	8_128424792_A_G_b37	chr8_127412547_A_G_b38
rs7833090	rs7833090	8_128689325_T_C_b37	chr8_127677080_T_C_b38
rs10094872	rs10094872	8_128719884_A_T_b37	chr8_127707639_A_T_b38
rs9886651	rs9886651	8_128817883_A_G_b37	chr8_127805637_A_G_b38
rs13254990,rs13255292	rs13254990	8_129076451_C_T_b37	chr8_128064205_C_T_b38
rs13254990,rs13255292	rs13255292	8_129076573_C_T_b37	chr8_128064327_C_T_b38
rs2608053	rs2608053	8_129075832_T_C_b37	chr8_128063586_T_C_b38
rs2720680	rs2720680	8_129115217_A_G_b37	chr8_128102971_A_G_b38
rs2019960	rs2019960	8_129192271_T_C_b37	chr8_128180025_T_C_b38
rs7017073	rs7017073	8_129204262_T_C_b37	chr8_128192016_T_C_b38
rs11780156	rs11780156	8_129194641_C_T_b37	chr8_128182395_C_T_b38
rs10169133	rs10169133	2_19412639_G_C_b37	chr2_19212878_G_C_b38
rs2901964	rs2901964	1_15792426_C_G_b37	chr1_15465931_C_G_b38
rs17232730	rs17232730	8_129537746_G_C_b37	chr8_128525500_G_C_b38
rs67824503	rs67824503	8_129535264_T_C_b37	chr8_128523018_T_C_b38
rs10088218,rs1561927	rs10088218	8_129543949_G_A_b37	chr8_128531703_G_A_b38
rs10088218,rs1561927	rs1561927	8_129568078_C_T_b37	chr8_128555832_C_T_b38
rs10088218,rs17232730	rs10088218	8_129543949_G_A_b37	chr8_128531703_G_A_b38
rs10088218,rs17232730	rs17232730	8_129537746_G_C_b37	chr8_128525500_G_C_b38
rs13398721	rs13398721	2_19629304_T_C_b37	chr2_19429543_T_C_b38
rs1561927	rs1561927	8_129568078_C_T_b37	chr8_128555832_C_T_b38
rs13385191	rs13385191	2_20888265_A_G_b37	chr2_20688505_A_G_b38
rs4733613	rs4733613	8_129599278_C_G_b37	chr8_128587032_C_G_b38
rs11902506	rs11902506	2_24758721_G_A_b37	chr2_24535852_G_A_b38
rs10088218	rs10088218	8_129543949_G_A_b37	chr8_128531703_G_A_b38
rs891835	rs891835	8_130491752_T_G_b37	chr8_129479506_T_G_b38
rs2128382	rs2128382	8_130820039_C_T_b37	chr8_129807793_C_T_b38
rs9643297	rs9643297	8_134483695_A_G_b37	chr8_133471452_A_G_b38
rs10101158	rs10101158	8_142881966_T_A_b37	chr8_141800605_T_A_b38
rs2294008	rs2294008	8_143761931_C_T_b37	chr8_142680513_C_T_b38
rs79480871	rs79480871	2_24694472_C_T_b37	chr2_24471603_C_T_b38
rs2083389	rs2083389	2_24967724_T_C_b37	chr2_24744855_T_C_b38
rs11789015	rs11789015	9_96716028_A_G_b37	chr9_93953746_A_G_b38
rs57142672,rs7538876	rs57142672	1_17744536_A_G_b37	chr1_17418040_A_G_b38
rs57142672,rs7538876	rs7538876	1_17722363_G_A_b37	chr1_17395867_G_A_b38
rs10969557	rs10969557	9_310970_G_C_b37	chr9_310970_G_C_b38
rs10974465	rs10974465	9_4326243_A_T_b37	chr9_4326243_A_T_b38
rs10975370	rs10975370	9_5956008_A_G_b37	chr9_5956008_A_G_b38
rs10118776	rs10118776	9_6227418_G_A_b37	chr9_6227418_G_A_b38
rs77457752	rs77457752	9_13942940_G_A_b37	chr9_13942941_G_A_b38
rs10810657	rs10810657	9_16884586_T_A_b37	chr9_16884588_T_A_b38
rs3814113	rs3814113	9_16915021_T_C_b37	chr9_16915023_T_C_b38
rs10962692	rs10962692	NA	NA
rs6725517	rs6725517	2_25129473_A_G_b37	chr2_24906604_A_G_b38
rs67500807	rs67500807	9_19457611_T_TG_b37	chr9_19457613_T_TG_b38
rs10811609,rs12336169	rs10811609	9_21746358_A_G_b37	chr9_21746359_A_G_b38
rs10811609,rs12336169	rs12336169	9_21721061_T_A_b37	chr9_21721062_T_A_b38
rs201131773	rs201131773	NA	NA
rs10811609,rs885518	rs10811609	9_21746358_A_G_b37	chr9_21746359_A_G_b38
rs10811609,rs885518	rs885518	9_21830157_A_G_b37	chr9_21830158_A_G_b38
rs7023329	rs7023329	9_21816528_A_G_b37	chr9_21816529_A_G_b38
rs6546149	rs6546149	2_25629438_C_G_b37	chr2_25406569_C_G_b38
rs7026112,rs885518	rs7026112	9_21852181_G_T_b37	chr9_21852182_G_T_b38
rs7026112,rs885518	rs885518	9_21830157_A_G_b37	chr9_21830158_A_G_b38
rs7026112	rs7026112	9_21852181_G_T_b37	chr9_21852182_G_T_b38
rs1412829	rs1412829	9_22043926_A_G_b37	chr9_22043927_A_G_b38
rs2151280	rs2151280	9_22034719_G_A_b37	chr9_22034720_G_A_b38
rs17694493	rs17694493	9_22041998_C_G_b37	chr9_22041999_C_G_b38
rs1412829,rs4977756	rs1412829	9_22043926_A_G_b37	chr9_22043927_A_G_b38
rs1412829,rs4977756	rs4977756	9_22068652_G_A_b37	chr9_22068653_G_A_b38
rs1412829,rs2151280	rs1412829	9_22043926_A_G_b37	chr9_22043927_A_G_b38
rs1412829,rs2151280	rs2151280	9_22034719_G_A_b37	chr9_22034720_G_A_b38
rs4977756	rs4977756	9_22068652_G_A_b37	chr9_22068653_G_A_b38
rs10811650	rs10811650	9_22067593_A_G_b37	chr9_22067594_A_G_b38
rs10217586	rs10217586	9_22121349_A_T_b37	chr9_22121350_A_T_b38
rs72658409	rs72658409	9_22160087_C_T_b37	chr9_22160088_C_T_b38
rs17779457	rs17779457	9_27488092_T_G_b37	chr9_27488094_T_G_b38
rs2891316	rs2891316	9_28587994_G_A_b37	chr9_28587996_G_A_b38
rs12336160	rs12336160	9_33283582_G_T_b37	chr9_33283584_G_T_b38
rs57142672	rs57142672	1_17744536_A_G_b37	chr1_17418040_A_G_b38
rs112541862	rs112541862	9_97483158_A_G_b37	chr9_94720876_A_G_b38
rs3802458	rs3802458	9_97741274_A_G_b37	chr9_94978992_A_G_b38
rs1588635	rs1588635	NA	NA
rs1588635,rs965513	rs1588635	NA	NA
rs1588635,rs965513	rs965513	9_100556109_A_G_b37	chr9_97793827_A_G_b38
rs965513	rs965513	9_100556109_A_G_b37	chr9_97793827_A_G_b38
rs72753537	rs72753537	9_100660746_T_C_b37	chr9_97898464_T_C_b38
rs6753473	rs6753473	2_26526419_T_G_b37	chr2_26303551_T_G_b38
rs10122541	rs10122541	9_100628268_G_A_b37	chr9_97865986_G_A_b38
rs10122541,rs7037324,rs72753537	rs10122541	9_100628268_G_A_b37	chr9_97865986_G_A_b38
rs10122541,rs7037324,rs72753537	rs7037324	9_100658318_A_G_b37	chr9_97896036_A_G_b38
rs10122541,rs7037324,rs72753537	rs72753537	9_100660746_T_C_b37	chr9_97898464_T_C_b38
rs10122541,rs7037324	rs10122541	9_100628268_G_A_b37	chr9_97865986_G_A_b38
rs10122541,rs7037324	rs7037324	9_100658318_A_G_b37	chr9_97896036_A_G_b38
rs7572644	rs7572644	2_28320033_T_C_b37	chr2_28097166_T_C_b38
rs1413299	rs1413299	9_101761241_G_T_b37	chr9_98998959_G_T_b38
rs4577244,rs67073037	rs4577244	2_29120733_C_T_b37	chr2_28897867_C_T_b38
rs4577244,rs67073037	rs67073037	2_29119585_A_T_b37	chr2_28896719_A_T_b38
rs1407508	rs1407508	9_101644538_T_C_b37	chr9_98882256_T_C_b38
rs191205566	rs191205566	9_102587233_C_T_b37	chr9_99824951_C_T_b38
rs10989517	rs10989517	9_104222708_T_C_b37	chr9_101460426_T_C_b38
rs1165805	rs1165805	9_104668299_T_A_b37	chr9_101906017_T_A_b38
rs4742903	rs4742903	9_106856793_G_C_b37	chr9_104094512_G_C_b38
rs10759243	rs10759243	9_110306115_C_A_b37	chr9_107543834_C_A_b38
rs184716813	rs184716813	9_114151247_T_C_b37	chr9_111388967_T_C_b38
rs1056107	rs1056107	9_115087127_G_T_b37	chr9_112324847_G_T_b38
rs10817611	rs10817611	9_117201399_T_C_b37	chr9_114439119_T_C_b38
rs7853844	rs7853844	9_118050414_G_A_b37	chr9_115288135_G_A_b38
rs1414153	rs1414153	9_118042353_A_C_b37	chr9_115280074_A_C_b38
rs2213920	rs2213920	9_118271584_A_G_b37	chr9_115509305_A_G_b38
rs1895062	rs1895062	9_119313486_A_G_b37	chr9_116551207_A_G_b38
rs803903	rs803903	9_119434290_A_G_b37	chr9_116672011_A_G_b38
rs10818894	rs10818894	9_126695770_G_A_b37	chr9_123933491_G_A_b38
rs10819083	rs10819083	9_128660207_C_T_b37	chr9_125897928_C_T_b38
rs10760444	rs10760444	9_129396434_G_A_b37	chr9_126634155_G_A_b38
rs75685923	rs75685923	9_136275229_C_T_b37	chr9_133410109_C_T_b38
rs633862	rs633862	9_136155444_C_T_b37	chr9_133279871_T_C_b38
rs505922	rs505922	NA	NA
rs1108581	rs1108581	9_136505241_A_G_b37	chr9_133640119_A_G_b38
rs140701862	rs140701862	NA	NA
rs57994353	rs57994353	9_139356987_T_C_b37	chr9_136462535_T_C_b38
rs55910451	rs55910451	10_5794652_A_G_b37	chr10_5752689_A_G_b38
rs2380205	rs2380205	10_5886734_C_T_b37	chr10_5844771_C_T_b38
rs501764	rs501764	10_8093034_G_T_b37	chr10_8051071_G_T_b38
rs3781093	rs3781093	10_8101927_T_C_b37	chr10_8059964_T_C_b38
rs73635312	rs73635312	10_8935998_G_A_b37	chr10_8894035_G_A_b38
rs67958007	rs67958007	10_9088113_TG_T_b37	chr10_9046150_TG_T_b38
rs10906522	rs10906522	10_13907236_T_C_b37	chr10_13865236_T_C_b38
rs10904849	rs10904849	10_16997266_G_T_b37	chr10_16955267_G_T_b38
rs76225372	rs76225372	10_19320086_A_G_b37	chr10_19031157_A_G_b38
rs7098100	rs7098100	10_21834536_G_A_b37	chr10_21545607_G_A_b38
rs1243180,rs144962376	rs1243180	10_21915619_T_A_b37	chr10_21626690_T_A_b38
rs1243180,rs144962376	rs144962376	NA	NA
rs1243180	rs1243180	10_21915619_T_A_b37	chr10_21626690_T_A_b38
rs11814448	rs11814448	10_22315843_A_C_b37	chr10_22026914_A_C_b38
rs72806318	rs72806318	10_22152198_G_A_b37	chr10_21863269_G_A_b38
rs16922097	rs16922097	10_22500944_A_C_b37	chr10_22212015_A_C_b38
rs72814839	rs72814839	10_22671968_T_C_b37	chr10_22383039_T_C_b38
rs3858207	rs3858207	10_23350103_C_A_b37	chr10_23061174_C_A_b38
rs7918232	rs7918232	10_27369162_T_C_b37	chr10_27080233_T_C_b38
rs3758407	rs3758407	10_27445205_G_C_b37	chr10_27156276_G_C_b38
rs17007554	rs17007554	2_29297758_C_T_b37	chr2_29074892_C_T_b38
rs7900823	rs7900823	10_28637660_A_G_b37	chr10_28348731_A_G_b38
rs143072280	rs143072280	NA	NA
rs114997855	rs114997855	2_30622824_G_A_b37	chr2_30399958_G_A_b38
rs2754412	rs2754412	NA	NA
rs10763567,rs3123078	rs10763567	10_51538169_C_A_b37	chr10_46057653_G_T_b38
rs10763567,rs3123078	rs3123078	10_51524971_C_T_b37	chr10_46070851_G_A_b38
rs2716734	rs2716734	2_39947721_C_T_b37	chr2_39720581_C_T_b38
rs17029056	rs17029056	2_42158304_A_C_b37	chr2_41931164_A_C_b38
rs10825036	rs10825036	10_55266231_T_G_b37	chr10_53506471_T_G_b38
rs4948317	rs4948317	10_60571435_C_T_b37	chr10_58811675_C_T_b38
rs16917546	rs16917546	10_64397538_T_C_b37	chr10_62637778_T_C_b38
rs61865900	rs61865900	10_64582482_T_C_b37	chr10_62822722_T_C_b38
rs34146356	rs34146356	10_64721200_C_T_b37	chr10_62961440_C_T_b38
rs34044188	rs34044188	10_65257363_C_T_b37	chr10_63497603_C_T_b38
rs10997287	rs10997287	10_68418846_T_C_b37	chr10_66659088_T_C_b38
rs7913447	rs7913447	10_73992040_C_A_b37	chr10_72232282_C_A_b38
rs704017	rs704017	10_80819132_A_G_b37	chr10_79059375_A_G_b38
rs1268974	rs1268974	10_80852378_A_G_b37	chr10_79092621_A_G_b38
rs12355688	rs12355688	10_81055626_C_T_b37	chr10_79295869_C_T_b38
rs72807246	rs72807246	10_93932286_A_G_b37	chr10_92172529_A_G_b38
rs3765524	rs3765524	10_96058298_C_T_b37	chr10_94298541_C_T_b38
rs1465618	rs1465618	2_43553949_T_C_b37	chr2_43326810_T_C_b38
rs60280813	rs60280813	10_99673183_T_C_b37	chr10_97913426_T_C_b38
rs79368540	rs79368540	2_45189737_C_T_b37	chr2_44962598_C_T_b38
rs6720296	rs6720296	2_45408269_A_C_b37	chr2_45181130_A_C_b38
rs12412391	rs12412391	10_101288935_A_G_b37	chr10_99529178_A_G_b38
rs7591446	rs7591446	2_45834076_T_C_b37	chr2_45606937_T_C_b38
rs28372851	rs28372851	10_101946033_G_A_b37	chr10_100186276_G_A_b38
rs3850699	rs3850699	10_104414221_A_G_b37	chr10_102654464_A_G_b38
rs4919687	rs4919687	10_104595248_G_A_b37	chr10_102835491_G_A_b38
rs2995264,rs7902587	rs2995264	10_105668843_G_A_b37	chr10_103909085_G_A_b38
rs2995264,rs7902587	rs7902587	10_105694301_C_T_b37	chr10_103934543_C_T_b38
rs11598018	rs11598018	10_105661315_C_A_b37	chr10_103901557_C_A_b38
rs11591710	rs11591710	10_105687632_A_C_b37	chr10_103927874_A_C_b38
rs11894252	rs11894252	2_46533376_T_C_b37	chr2_46306237_T_C_b38
rs11813268,rs7907606	rs11813268	10_105682296_C_T_b37	chr10_103922538_C_T_b38
rs11813268,rs7907606	rs7907606	10_105680632_T_G_b37	chr10_103920874_T_G_b38
rs11591710,rs7907606	rs11591710	10_105687632_A_C_b37	chr10_103927874_A_C_b38
rs11591710,rs7907606	rs7907606	10_105680632_T_G_b37	chr10_103920874_T_G_b38
rs4244255	rs4244255	10_105719241_T_C_b37	chr10_103959483_T_C_b38
rs12241008	rs12241008	10_114280702_T_C_b37	chr10_112520943_T_C_b38
rs10506868	rs10506868	10_114319380_C_T_b37	chr10_112559621_C_T_b38
rs7086803	rs7086803	10_114498476_G_A_b37	chr10_112738717_G_A_b38
rs11196174	rs11196174	10_114734096_A_G_b37	chr10_112974337_A_G_b38
rs4953345	rs4953345	2_46552601_T_A_b37	chr2_46325462_T_A_b38
rs3820282	rs3820282	1_22468215_C_T_b37	chr1_22141722_C_T_b38
rs16851421	rs16851421	1_230425090_A_G_b37	chr1_230289344_A_G_b38
rs11196172	rs11196172	10_114726843_G_A_b37	chr10_112967084_G_A_b38
rs10885405,rs7904519	rs10885405	10_114777670_C_T_b37	chr10_113017911_C_T_b38
rs10885405,rs7904519	rs7904519	10_114773927_A_G_b37	chr10_113014168_A_G_b38
rs12250948	rs12250948	10_115128491_T_C_b37	chr10_113368732_T_C_b38
rs58742730	rs58742730	10_115250650_A_G_b37	chr10_113490891_A_G_b38
rs10885582	rs10885582	10_116327550_T_C_b37	chr10_114567791_T_C_b38
rs12413624	rs12413624	10_120278944_T_A_b37	chr10_118519432_T_A_b38
rs748476	rs748476	10_122802462_A_C_b37	chr10_121042949_A_C_b38
rs11199874	rs11199874	10_123032519_G_A_b37	chr10_121273005_G_A_b38
rs11199914,rs11462858	rs11199914	10_123093901_C_T_b37	chr10_121334387_C_T_b38
rs11199914,rs11462858	rs11462858	10_123093991_G_GT_b37	chr10_121334477_G_GT_b38
rs11462858	rs11462858	10_123093991_G_GT_b37	chr10_121334477_G_GT_b38
rs1078806,rs2912780,rs2981579	rs1078806	10_123338975_A_G_b37	chr10_121579461_A_G_b38
rs1078806,rs2912780,rs2981579	rs2912780	10_123337117_C_T_b37	chr10_121577603_C_T_b38
rs1078806,rs2912780,rs2981579	rs2981579	10_123337335_A_G_b37	chr10_121577821_A_G_b38
rs10194115	rs10194115	2_47240012_G_T_b37	chr2_47012873_G_T_b38
rs1696803	rs1696803	10_123436950_T_C_b37	chr10_121677436_T_C_b38
rs10510102	rs10510102	10_123625190_T_C_b37	chr10_121865675_T_C_b38
rs13034020	rs13034020	2_61043834_A_G_b37	chr2_60816699_A_G_b38
rs4962416	rs4962416	10_126696872_T_C_b37	chr10_125008303_T_C_b38
rs1432295	rs1432295	2_61066666_G_A_b37	chr2_60839531_G_A_b38
rs12778749	rs12778749	10_127846669_C_T_b37	chr10_126158100_C_T_b38
rs1408537	rs1408537	10_130680349_C_A_b37	chr10_128882085_C_A_b38
rs2918130	rs2918130	10_133001939_T_C_b37	chr10_131203676_T_C_b38
rs78334599	rs78334599	11_115998756_G_A_b37	chr11_116128039_G_A_b38
rs11410354	rs11410354	NA	NA
rs6597981	rs6597981	11_803017_A_G_b37	chr11_803017_A_G_b38
rs907611	rs907611	11_1874072_G_A_b37	chr11_1852842_G_A_b38
rs1973765	rs1973765	11_1898664_T_C_b37	chr11_1877434_T_C_b38
rs217727	rs217727	NA	NA
rs7126629,rs7127900	rs7126629	11_2228952_C_A_b37	chr11_2207722_C_A_b38
rs7126629,rs7127900	rs7127900	11_2233574_A_G_b37	chr11_2212344_A_G_b38
rs7126629	rs7126629	11_2228952_C_A_b37	chr11_2207722_C_A_b38
rs72647484	rs72647484	1_22587728_T_C_b37	chr1_22261235_T_C_b38
rs11032090	rs11032090	11_4417129_A_G_b37	chr11_4395899_A_G_b38
rs12791447	rs12791447	11_7556577_A_G_b37	chr11_7535346_A_G_b38
rs117729306	rs117729306	11_8487170_T_C_b37	chr11_8465623_T_C_b38
rs117698693	rs117698693	11_9928511_C_G_b37	chr11_9906964_C_G_b38
rs10500715	rs10500715	11_9973062_T_G_b37	chr11_9951515_T_G_b38
rs4345958	rs4345958	11_10320661_G_A_b37	chr11_10299114_G_A_b38
rs6256	rs6256	11_13514053_G_T_b37	chr11_13492506_G_T_b38
rs11605083	rs11605083	11_15355246_T_C_b37	chr11_15333700_T_C_b38
rs2430386	rs2430386	2_63178111_C_T_b37	chr2_62950976_C_T_b38
rs4150579,rs9783347	rs4150579	11_18357180_A_G_b37	chr11_18335633_A_G_b38
rs4150579,rs9783347	rs9783347	11_18384938_A_G_b37	chr11_18363391_A_G_b38
rs10832963	rs10832963	11_18664241_T_G_b37	chr11_18642694_T_G_b38
rs12794435	rs12794435	11_25207704_G_A_b37	chr11_25186158_G_A_b38
rs186133190	rs186133190	NA	NA
rs12786130	rs12786130	11_27505954_C_T_b37	chr11_27484407_C_T_b38
rs78853063	rs78853063	11_57250026_C_T_b37	chr11_57482553_C_T_b38
rs12289961	rs12289961	11_58060192_C_T_b37	chr11_58292720_C_T_b38
rs948562	rs948562	11_58347765_A_G_b37	chr11_58580292_A_G_b38
rs1039766	rs1039766	2_65520145_C_T_b37	chr2_65293011_C_T_b38
rs174537	rs174537	11_61552680_G_T_b37	chr11_61785208_G_T_b38
rs1486134	rs1486134	2_67639769_G_T_b37	chr2_67412637_G_T_b38
rs2072113	rs2072113	11_61604967_C_T_b37	chr11_61837495_C_T_b38
rs3903072	rs3903072	11_65583066_G_T_b37	chr11_65815595_G_T_b38
rs116165775,rs11692700	rs116165775	2_67627712_G_T_b37	chr2_67400580_G_T_b38
rs116165775,rs11692700	rs11692700	2_67510377_T_C_b37	chr2_67283245_T_C_b38
rs617791	rs617791	11_65702523_G_C_b37	chr11_65935052_G_C_b38
rs1783730	rs1783730	11_66069218_A_G_b37	chr11_66301747_A_G_b38
rs55908905,rs7570	rs55908905	11_66477864_AT_A_b37	chr11_66710393_AT_A_b38
rs55908905,rs7570	rs7570	11_66610645_G_C_b37	chr11_66843174_G_C_b38
rs7570	rs7570	11_66610645_G_C_b37	chr11_66843174_G_C_b38
rs4930561	rs4930561	11_67931761_G_A_b37	chr11_68164294_G_A_b38
rs72932540	rs72932540	NA	NA
rs10896449,rs11228583,rs12270641,rs7929962,rs7931342	rs10896449	11_68994667_A_G_b37	chr11_69227200_A_G_b38
rs10896449,rs11228583,rs12270641,rs7929962,rs7931342	rs11228583	11_69009114_G_T_b37	chr11_69241647_G_T_b38
rs10896449,rs11228583,rs12270641,rs7929962,rs7931342	rs12270641	11_69012244_T_A_b37	chr11_69244777_T_A_b38
rs10896449,rs11228583,rs12270641,rs7929962,rs7931342	rs7929962	11_68985583_C_T_b37	chr11_69218116_C_T_b38
rs10896449,rs11228583,rs12270641,rs7929962,rs7931342	rs7931342	11_68994497_T_G_b37	chr11_69227030_T_G_b38
rs151124926	rs151124926	2_67967289_A_T_b37	chr2_67740157_A_T_b38
rs7130881	rs7130881	11_68995958_A_G_b37	chr11_69228491_A_G_b38
rs7105934	rs7105934	11_69239741_G_A_b37	chr11_69424973_G_A_b38
rs116165775	rs116165775	2_67627712_G_T_b37	chr2_67400580_G_T_b38
rs75915166	rs75915166	11_69379161_C_A_b37	chr11_69564393_C_A_b38
rs78540526	rs78540526	11_69331418_C_T_b37	chr11_69516650_C_T_b38
rs614367	rs614367	11_69328764_C_T_b37	chr11_69513996_C_T_b38
rs498136	rs498136	11_69367118_A_C_b37	chr11_69552350_A_C_b38
rs34507830	rs34507830	11_69461686_C_T_b37	chr11_69646918_C_T_b38
rs3824999	rs3824999	11_74345550_T_G_b37	chr11_74634505_T_G_b38
rs606460	rs606460	11_75248457_A_G_b37	chr11_75537412_A_G_b38
rs11607499	rs11607499	11_81811229_T_C_b37	chr11_82100187_T_C_b38
rs11233250	rs11233250	11_82397014_C_T_b37	chr11_82685972_C_T_b38
rs1870323	rs1870323	11_86188152_A_G_b37	chr11_86477110_A_G_b38
rs1847134	rs1847134	11_89005253_A_C_b37	chr11_89272085_A_C_b38
rs12279741	rs12279741	11_94284529_A_G_b37	chr11_94551363_A_G_b38
rs7107785	rs7107785	11_95747337_T_C_b37	chr11_96014174_T_C_b38
rs479825	rs479825	11_95931485_T_C_b37	chr11_96198321_T_C_b38
rs77679196	rs77679196	11_101453508_G_A_b37	chr11_101582777_G_A_b38
rs1512436	rs1512436	11_106306871_T_C_b37	chr11_106436144_T_C_b38
rs9712235	rs9712235	2_67881757_G_A_b37	chr2_67654625_G_A_b38
rs1801516	rs1801516	11_108175462_G_A_b37	chr11_108304735_G_A_b38
rs74911261	rs74911261	11_108357137_G_A_b37	chr11_108486410_G_A_b38
rs3802842	rs3802842	11_111171709_C_A_b37	chr11_111300984_C_A_b38
rs505372	rs505372	11_111507189_A_C_b37	chr11_111636465_A_C_b38
rs13416342	rs13416342	2_68106566_A_G_b37	chr2_67879434_A_G_b38
rs643506	rs643506	11_111636627_T_G_b37	chr11_111765903_T_G_b38
rs77683187	rs77683187	11_117085210_A_C_b37	chr11_117214494_A_C_b38
rs4853036	rs4853036	2_70059824_G_A_b37	chr2_69832692_G_A_b38
rs1629083	rs1629083	11_118126576_C_T_b37	chr11_118255861_C_T_b38
rs61677309	rs61677309	NA	NA
rs12803321	rs12803321	11_118480115_G_C_b37	chr11_118609400_G_C_b38
rs4938573	rs4938573	11_118741842_C_T_b37	chr11_118871133_C_T_b38
rs7927484	rs7927484	11_123138960_T_C_b37	chr11_123268252_T_C_b38
rs735665	rs735665	11_123361397_G_A_b37	chr11_123490689_G_A_b38
rs113301858	rs113301858	11_125510257_T_A_b37	chr11_125640362_T_A_b38
rs4937362	rs4937362	11_128492739_T_C_b37	chr11_128622844_T_C_b38
rs7102494	rs7102494	11_129230845_C_T_b37	chr11_129360950_C_T_b38
rs7107217	rs7107217	11_129473690_A_C_b37	chr11_129603795_A_C_b38
rs10849605	rs10849605	12_1064438_T_C_b37	chr12_955272_T_C_b38
rs11062040	rs11062040	12_2091257_C_T_b37	chr12_1982091_C_T_b38
rs3217810	rs3217810	12_4388271_C_T_b37	chr12_4279105_C_T_b38
rs10849432	rs10849432	12_6385727_C_T_b37	chr12_6276561_C_T_b38
rs11064437	rs11064437	12_6982162_C_T_b37	chr12_6872998_C_T_b38
rs2111398	rs2111398	12_13075202_A_G_b37	chr12_12922268_A_G_b38
rs17221259	rs17221259	12_14410485_T_C_b37	chr12_14257551_T_C_b38
rs12422552	rs12422552	12_14413931_G_C_b37	chr12_14260997_G_C_b38
rs10841753	rs10841753	12_21321370_T_C_b37	chr12_21168436_T_C_b38
rs718314	rs718314	12_26453283_A_G_b37	chr12_26300350_A_G_b38
rs10771399	rs10771399	12_28155080_A_G_b37	chr12_28002147_A_G_b38
rs7297051	rs7297051	12_28174817_C_T_b37	chr12_28021884_C_T_b38
rs2052678	rs2052678	12_29833329_G_A_b37	chr12_29680396_G_A_b38
rs7134911	rs7134911	12_30975469_C_A_b37	chr12_30822535_C_A_b38
rs2204008	rs2204008	12_38439203_C_T_b37	chr12_38045401_C_T_b38
rs80130819	rs80130819	12_48419618_A_C_b37	chr12_48025835_A_C_b38
rs6580649	rs6580649	12_48410517_T_C_b37	chr12_48016734_T_C_b38
rs10875943	rs10875943	12_49676010_T_C_b37	chr12_49282227_T_C_b38
rs4768903	rs4768903	NA	NA
rs11169552	rs11169552	12_51155663_C_T_b37	chr12_50761880_C_T_b38
rs11610143	rs11610143	12_52349071_C_G_b37	chr12_51955287_C_G_b38
rs11170164	rs11170164	12_52913668_C_T_b37	chr12_52519884_C_T_b38
rs902774	rs902774	12_53273904_G_A_b37	chr12_52880120_G_A_b38
rs3847711	rs3847711	12_58834035_A_G_b37	chr12_58440252_A_G_b38
rs11175834	rs11175834	12_65992636_C_T_b37	chr12_65598856_C_T_b38
rs10878977	rs10878977	12_69799690_T_C_b37	chr12_69405910_T_C_b38
rs12230172	rs12230172	12_76242675_A_G_b37	chr12_75848895_A_G_b38
rs1275600	rs1275600	12_76263551_T_A_b37	chr12_75869771_T_A_b38
rs12317459	rs12317459	12_83164556_G_A_b37	chr12_82770777_G_A_b38
rs4761470	rs4761470	12_94683204_G_A_b37	chr12_94289428_G_A_b38
rs1878022	rs1878022	12_108699032_C_T_b37	chr12_108305255_C_T_b38
rs3184504	rs3184504	12_111884608_T_C_b37	chr12_111446804_T_C_b38
rs59336	rs59336	12_115116352_T_A_b37	chr12_114678547_T_A_b38
rs1292011	rs1292011	12_115836522_A_G_b37	chr12_115398717_A_G_b38
rs206966	rs206966	12_120832146_C_T_b37	chr12_120394343_C_T_b38
rs7310409	rs7310409	12_121424861_A_G_b37	chr12_120987058_A_G_b38
rs753955	rs753955	13_24293859_A_G_b37	chr13_23719720_A_G_b38
rs1326116	rs1326116	13_26375046_A_G_b37	chr13_25800908_A_G_b38
rs7097	rs7097	13_28197436_C_T_b37	chr13_27623299_C_T_b38
rs9554197	rs9554197	13_28476978_C_T_b37	chr13_27902841_C_T_b38
rs9578106	rs9578106	13_30118017_T_C_b37	chr13_29543880_T_C_b38
rs3885907	rs3885907	13_31314455_C_A_b37	chr13_30740318_C_A_b38
rs912294	rs912294	13_31698294_G_A_b37	chr13_31124157_G_A_b38
rs56404467	rs56404467	13_32839990_G_A_b37	chr13_32265853_G_A_b38
rs511674	rs511674	13_37422515_T_C_b37	chr13_36848378_T_C_b38
rs9532669	rs9532669	13_41501550_A_T_b37	chr13_40927414_A_T_b38
rs9562987	rs9562987	13_51095908_G_A_b37	chr13_50521772_G_A_b38
rs1352757	rs1352757	13_64116574_A_G_b37	chr13_63542441_A_G_b38
rs2218400	rs2218400	13_64139074_C_A_b37	chr13_63564941_C_A_b38
rs1585440	rs1585440	13_66481815_G_T_b37	chr13_65907683_G_T_b38
rs11841589,rs9600103	rs11841589	13_73814891_G_T_b37	chr13_73240754_G_T_b38
rs11841589,rs9600103	rs9600103	13_73811879_A_T_b37	chr13_73237742_A_T_b38
rs12870942	rs12870942	13_73806982_T_C_b37	chr13_73232845_T_C_b38
rs6562760	rs6562760	13_73957681_A_G_b37	chr13_73383544_A_G_b38
rs2039553	rs2039553	13_80299722_A_G_b37	chr13_79725587_A_G_b38
rs16944141	rs16944141	13_90865546_G_A_b37	chr13_90213292_G_A_b38
rs2352028	rs2352028	13_92445229_C_T_b37	chr13_91792975_C_T_b38
rs16950650	rs16950650	13_95775432_C_T_b37	chr13_95123178_C_T_b38
rs7335046	rs7335046	13_100041738_G_C_b37	chr13_99389484_G_C_b38
rs9557635	rs9557635	13_102051090_A_G_b37	chr13_101398739_A_G_b38
rs1529276	rs1529276	13_103928007_T_A_b37	chr13_103275657_T_A_b38
rs118166185	rs118166185	13_112103902_G_T_b37	chr13_111451555_G_T_b38
rs4907479	rs4907479	13_113659108_G_A_b37	chr13_113004794_G_A_b38
rs112998813	rs112998813	13_115059729_T_C_b37	chr13_114294254_T_C_b38
rs1952157	rs1952157	14_34289438_C_A_b37	chr14_33820232_C_A_b38
rs368187	rs368187	14_36532576_G_C_b37	chr14_36063370_G_C_b38
rs34081947,rs368187	rs34081947	14_36559531_C_T_b37	chr14_36090325_C_T_b38
rs34081947,rs368187	rs368187	14_36532576_G_C_b37	chr14_36063370_G_C_b38
rs34081947	rs34081947	14_36559531_C_T_b37	chr14_36090325_C_T_b38
rs944289	rs944289	14_36649246_C_T_b37	chr14_36180040_C_T_b38
rs116909374	rs116909374	14_36738361_C_T_b37	chr14_36269155_C_T_b38
rs7149262	rs7149262	14_37136545_C_A_b37	chr14_36667340_C_A_b38
rs848087	rs848087	14_37277643_A_G_b37	chr14_36808438_A_G_b38
rs6756513	rs6756513	2_70172587_G_A_b37	chr2_69945455_G_A_b38
rs147032157	rs147032157	14_39437344_C_A_b37	chr14_38968140_C_A_b38
rs11848063	rs11848063	14_47235445_A_G_b37	chr14_46766242_A_G_b38
rs8015138	rs8015138	14_52310104_A_C_b37	chr14_51843386_A_C_b38
rs10187424,rs3731827	rs10187424	2_85794297_T_C_b37	chr2_85567174_T_C_b38
rs10187424,rs3731827	rs3731827	2_85806068_T_C_b37	chr2_85578945_T_C_b38
rs8008270	rs8008270	14_53372330_T_C_b37	chr14_52905612_T_C_b38
rs4444235	rs4444235	14_54410919_T_C_b37	chr14_53944201_T_C_b38
rs7153648	rs7153648	NA	NA
rs76788097	rs76788097	14_61729493_A_G_b37	chr14_61262775_A_G_b38
rs4902141	rs4902141	14_62968395_T_C_b37	chr14_62501677_T_C_b38
rs58262369	rs58262369	14_64693912_C_T_b37	chr14_64227194_C_T_b38
rs1744947	rs1744947	14_68681476_C_T_b37	chr14_68214759_C_T_b38
rs1314913,rs1744947	rs1314913	14_68699594_C_T_b37	chr14_68232877_C_T_b38
rs1314913,rs1744947	rs1744947	14_68681476_C_T_b37	chr14_68214759_C_T_b38
rs3731827	rs3731827	2_85806068_T_C_b37	chr2_85578945_T_C_b38
rs1314913	rs1314913	14_68699594_C_T_b37	chr14_68232877_C_T_b38
rs9948	rs9948	2_97500800_G_C_b37	chr2_96835063_G_C_b38
rs3784099	rs3784099	14_68749927_G_A_b37	chr14_68283210_G_A_b38
rs11624333,rs999737	rs11624333	14_68979835_T_C_b37	chr14_68513118_T_C_b38
rs11624333,rs999737	rs999737	14_69034682_C_T_b37	chr14_68567965_C_T_b38
rs11624333	rs11624333	14_68979835_T_C_b37	chr14_68513118_T_C_b38
rs999737	rs999737	14_69034682_C_T_b37	chr14_68567965_C_T_b38
rs7141529	rs7141529	14_69126744_T_C_b37	chr14_68660027_T_C_b38
rs8014252	rs8014252	14_70919699_T_C_b37	chr14_70452982_T_C_b38
rs143046984,rs2286313	rs143046984	14_71404246_T_TA_b37	chr14_70937529_T_TA_b38
rs143046984,rs2286313	rs2286313	14_71514163_A_G_b37	chr14_71047446_A_G_b38
rs4903064	rs4903064	14_73279420_T_C_b37	chr14_72812712_T_C_b38
rs732765	rs732765	14_75365729_A_G_b37	chr14_74899026_A_G_b38
rs4322600	rs4322600	14_88295600_A_G_b37	chr14_87829256_A_G_b38
rs1742101	rs1742101	14_91165063_C_T_b37	chr14_90698719_C_T_b38
rs941764	rs941764	14_91841069_A_G_b37	chr14_91374725_A_G_b38
rs11627032	rs11627032	14_93104072_T_C_b37	chr14_92637727_T_C_b38
rs118022189	rs118022189	NA	NA
rs2295389	rs2295389	14_101318311_C_G_b37	chr14_100851974_C_G_b38
rs11621975	rs11621975	14_102095836_A_G_b37	chr14_101629499_A_G_b38
rs751837	rs751837	14_103484825_T_C_b37	chr14_103018488_T_C_b38
rs116039120	rs116039120	14_105103758_T_C_b37	chr14_104637421_T_C_b38
rs12999616	rs12999616	2_98324381_C_T_b37	chr2_97707918_C_T_b38
rs2498796	rs2498796	14_105243220_G_A_b37	chr14_104776883_G_A_b38
rs12904211	rs12904211	NA	NA
rs4906759	rs4906759	15_25975208_C_T_b37	chr15_25730061_C_T_b38
rs11074306	rs11074306	15_28044542_G_A_b37	chr15_27799396_G_A_b38
rs4778138	rs4778138	15_28335820_A_G_b37	chr15_28090674_A_G_b38
rs1075232	rs1075232	15_31741216_C_A_b37	chr15_31449013_C_A_b38
rs4779584	rs4779584	15_32994756_T_C_b37	chr15_32702555_T_C_b38
rs73376930	rs73376930	15_33012502_A_G_b37	chr15_32720301_A_G_b38
rs1258767	rs1258767	15_33126454_A_G_b37	chr15_32834253_A_G_b38
rs937213	rs937213	15_40322124_T_C_b37	chr15_40029923_T_C_b38
rs6711606	rs6711606	NA	NA
rs4849303	rs4849303	2_111728482_C_T_b37	chr2_110970905_C_T_b38
rs35603048	rs35603048	15_40391965_C_T_b37	chr15_40099764_C_T_b38
rs748404	rs748404	15_43559231_T_C_b37	chr15_43267033_T_C_b38
rs2439831	rs2439831	15_43784475_C_T_b37	chr15_43492277_C_T_b38
rs1876206	rs1876206	15_48900586_T_C_b37	chr15_48608389_T_C_b38
rs11632038	rs11632038	15_49606298_A_G_b37	chr15_49314101_A_G_b38
rs7169304	rs7169304	15_49479026_G_A_b37	chr15_49186829_G_A_b38
rs11632038,rs17400427	rs11632038	15_49606298_A_G_b37	chr15_49314101_A_G_b38
rs11632038,rs17400427	rs17400427	15_49741071_T_C_b37	chr15_49448874_T_C_b38
rs7182948	rs7182948	15_49841680_A_G_b37	chr15_49549483_A_G_b38
rs17400427,rs28516445,rs7182948	rs17400427	15_49741071_T_C_b37	chr15_49448874_T_C_b38
rs17400427,rs28516445,rs7182948	rs28516445	15_49960134_A_G_b37	chr15_49667937_A_G_b38
rs17400427,rs28516445,rs7182948	rs7182948	15_49841680_A_G_b37	chr15_49549483_A_G_b38
rs28516445,rs7182948	rs28516445	15_49960134_A_G_b37	chr15_49667937_A_G_b38
rs28516445,rs7182948	rs7182948	15_49841680_A_G_b37	chr15_49549483_A_G_b38
rs2414098	rs2414098	15_51537806_T_C_b37	chr15_51245609_T_C_b38
rs17601876	rs17601876	15_51553909_A_G_b37	chr15_51261712_A_G_b38
rs539901	rs539901	15_58674669_T_G_b37	chr15_58382470_T_G_b38
rs4589502	rs4589502	15_67155069_C_T_b37	chr15_66862731_C_T_b38
rs1866967	rs1866967	1_30185662_A_G_b37	chr1_29712815_A_G_b38
rs151090251	rs151090251	15_67408298_G_GGACTTCTGTAGAGA_b37	chr15_67115960_G_GGACTTCTGTAGAGA_b38
rs56062135	rs56062135	15_67455630_C_T_b37	chr15_67163292_C_T_b38
rs2289261	rs2289261	15_67457485_G_C_b37	chr15_67165147_G_C_b38
rs8030672	rs8030672	15_69059084_T_A_b37	chr15_68766745_T_A_b38
rs11855650	rs11855650	15_70431773_G_T_b37	chr15_70139434_G_T_b38
rs11543198	rs11543198	15_74912328_G_A_b37	chr15_74619987_G_A_b38
rs79149102	rs79149102	15_75055819_C_T_b37	chr15_74763478_C_T_b38
rs12439944,rs79149102	rs12439944	15_75075650_G_T_b37	chr15_74783309_G_T_b38
rs12439944,rs79149102	rs79149102	15_75055819_C_T_b37	chr15_74763478_C_T_b38
rs12439944	rs12439944	15_75075650_G_T_b37	chr15_74783309_G_T_b38
rs8027365	rs8027365	15_75808740_A_C_b37	chr15_75516399_A_C_b38
rs1801591	rs1801591	15_76578762_G_A_b37	chr15_76286421_G_A_b38
rs12906542	rs12906542	15_78269472_A_G_b37	chr15_77977130_A_G_b38
rs8042374	rs8042374	15_78908032_A_G_b37	chr15_78615690_A_G_b38
rs7403155	rs7403155	15_79130424_G_A_b37	chr15_78838082_G_A_b38
rs1051730	rs1051730	15_78894339_G_A_b37	chr15_78601997_G_A_b38
rs11639372	rs11639372	15_78966655_C_T_b37	chr15_78674313_C_T_b38
rs11639372,rs3813565	rs11639372	15_78966655_C_T_b37	chr15_78674313_C_T_b38
rs11639372,rs3813565	rs3813565	15_79019610_G_T_b37	chr15_78727268_G_T_b38
rs3813565	rs3813565	15_79019610_G_T_b37	chr15_78727268_G_T_b38
rs148297606	rs148297606	1_31862772_G_C_b37	chr1_31389925_G_C_b38
rs117105675	rs117105675	1_2887220_G_T_b37	chr1_2970656_G_T_b38
rs28408315	rs28408315	15_79185180_G_A_b37	chr15_78892838_G_A_b38
rs166870	rs166870	15_80069762_T_C_b37	chr15_79777420_T_C_b38
rs4262906	rs4262906	15_86462852_T_C_b37	chr15_85919621_T_C_b38
rs34783982	rs34783982	15_89515163_G_A_b37	chr15_88971932_G_A_b38
rs752590	rs752590	2_113972945_A_G_b37	chr2_113215368_A_G_b38
rs16944613	rs16944613	15_91139098_A_G_b37	chr15_90595866_A_G_b38
rs2290203,rs8037137	rs2290203	15_91512067_G_A_b37	chr15_90968837_G_A_b38
rs2290203,rs8037137	rs8037137	15_91506637_T_C_b37	chr15_90963407_T_C_b38
rs2290203	rs2290203	15_91512067_G_A_b37	chr15_90968837_G_A_b38
rs6726538	rs6726538	2_118889229_T_A_b37	chr2_118131653_T_A_b38
rs11637339	rs11637339	15_99992008_C_T_b37	chr15_99451803_C_T_b38
rs2562152	rs2562152	16_123896_A_T_b37	chr16_73898_A_T_b38
rs9635542	rs9635542	16_5001380_A_G_b37	chr16_4951379_A_G_b38
rs11903787	rs11903787	2_121088182_G_A_b37	chr2_120330606_G_A_b38
rs4782151	rs4782151	16_9325985_C_T_b37	chr16_9232128_C_T_b38
rs11122834	rs11122834	2_121701289_T_C_b37	chr2_120943713_T_C_b38
rs4780973	rs4780973	16_9395339_T_C_b37	chr16_9301482_T_C_b38
rs12918713	rs12918713	16_10703688_A_C_b37	chr16_10609831_A_C_b38
rs78442819	rs78442819	16_10740982_G_C_b37	chr16_10647125_G_C_b38
rs34972832	rs34972832	16_11198938_G_A_b37	chr16_11105081_G_A_b38
rs12446552	rs12446552	16_11720066_T_C_b37	chr16_11626210_T_C_b38
rs12039431	rs12039431	1_38082122_G_A_b37	chr1_37616450_G_A_b38
rs8057939	rs8057939	16_49394276_T_C_b37	chr16_49360365_T_C_b38
rs10852606	rs10852606	16_50128872_T_C_b37	chr16_50094961_T_C_b38
rs4785204	rs4785204	16_50103734_C_T_b37	chr16_50069823_C_T_b38
rs12922061	rs12922061	16_52635000_C_T_b37	chr16_52601088_C_T_b38
rs62048402	rs62048402	16_53803223_G_A_b37	chr16_53769311_G_A_b38
rs17817449,rs62048402	rs17817449	16_53813367_T_G_b37	chr16_53779455_T_G_b38
rs17817449,rs62048402	rs62048402	16_53803223_G_A_b37	chr16_53769311_G_A_b38
rs4377367	rs4377367	2_131724905_C_T_b37	chr2_130967332_C_T_b38
rs11075995	rs11075995	16_53855291_A_T_b37	chr16_53821379_A_T_b38
rs142319636	rs142319636	16_55538740_A_G_b37	chr16_55504828_A_G_b38
rs2432539	rs2432539	16_56420987_A_G_b37	chr16_56387075_A_G_b38
rs8044477	rs8044477	16_58976591_A_G_b37	chr16_58942687_A_G_b38
rs8048207	rs8048207	16_61778095_C_T_b37	chr16_61744191_C_T_b38
rs35158985	rs35158985	16_68796746_A_G_b37	chr16_68762843_A_G_b38
rs35158985,rs9929218	rs35158985	16_68796746_A_G_b37	chr16_68762843_A_G_b38
rs35158985,rs9929218	rs9929218	16_68820946_G_A_b37	chr16_68787043_G_A_b38
rs9929218	rs9929218	16_68820946_G_A_b37	chr16_68787043_G_A_b38
rs12051443	rs12051443	16_71691329_G_A_b37	chr16_71657426_G_A_b38
rs10871290	rs10871290	16_74472696_C_T_b37	chr16_74438798_C_T_b38
rs11150038	rs11150038	16_78076559_A_G_b37	chr16_78042662_A_G_b38
rs13329835,rs7500067	rs13329835	16_80650805_A_G_b37	chr16_80616908_A_G_b38
rs13329835,rs7500067	rs7500067	16_80648296_A_G_b37	chr16_80614399_A_G_b38
rs7192724	rs7192724	16_81958298_C_G_b37	chr16_81924693_C_G_b38
rs1901440	rs1901440	2_134437959_C_A_b37	chr2_133680388_C_A_b38
rs3844412	rs3844412	16_82646333_A_G_b37	chr16_82612728_A_G_b38
rs1364121	rs1364121	16_83740107_C_T_b37	chr16_83706502_C_T_b38
rs4954585	rs4954585	2_136998394_C_T_b37	chr2_136240824_C_T_b38
rs731174	rs731174	1_38196841_T_C_b37	chr1_37731169_T_C_b38
rs4240807	rs4240807	16_85985361_A_C_b37	chr16_85951755_A_C_b38
rs9929215	rs9929215	16_86521490_G_C_b37	chr16_86487884_G_C_b38
rs16941835	rs16941835	16_86695720_G_C_b37	chr16_86662114_G_C_b38
rs1805007	rs1805007	16_89986117_C_T_b37	chr16_89919709_C_T_b38
rs4268748,rs8063761	rs4268748	16_90026512_T_C_b37	chr16_89960104_T_C_b38
rs4268748,rs8063761	rs8063761	16_90027626_A_T_b37	chr16_89961218_A_T_b38
rs59396197	rs59396197	2_140433325_G_A_b37	chr2_139675756_G_A_b38
rs684232	rs684232	17_618965_T_C_b37	chr17_715725_T_C_b38
rs12603526	rs12603526	17_800593_T_C_b37	chr17_897353_T_C_b38
rs17761864	rs17761864	17_2171637_C_A_b37	chr17_2268343_C_A_b38
rs140394255	rs140394255	17_4327983_G_A_b37	chr17_4424688_G_A_b38
rs9303196	rs9303196	17_5907443_A_T_b37	chr17_6004123_A_T_b38
rs8075565	rs8075565	17_6288146_C_T_b37	chr17_6384826_C_T_b38
rs35850753	rs35850753	17_7578671_C_T_b37	chr17_7675353_C_T_b38
rs187408367	rs187408367	17_17738860_G_A_b37	chr17_17835546_G_A_b38
rs140494697	rs140494697	17_17997607_G_T_b37	chr17_18094293_G_T_b38
rs3795244	rs3795244	17_30692396_G_T_b37	chr17_32365377_G_T_b38
rs11263763,rs11651052,rs11651755,rs4430796	rs11263763	17_36103565_G_A_b37	chr17_37743574_A_G_b38
rs11263763,rs11651052,rs11651755,rs4430796	rs11651052	17_36102381_A_G_b37	chr17_37742390_G_A_b38
rs11263763,rs11651052,rs11651755,rs4430796	rs11651755	17_36099840_C_T_b37	chr17_37739849_T_C_b38
rs11263763,rs11651052,rs11651755,rs4430796	rs4430796	17_36098040_G_A_b37	chr17_37738049_A_G_b38
rs11651052,rs11651755,rs4430796	rs11651052	17_36102381_A_G_b37	chr17_37742390_G_A_b38
rs11651052,rs11651755,rs4430796	rs11651755	17_36099840_C_T_b37	chr17_37739849_T_C_b38
rs11651052,rs11651755,rs4430796	rs4430796	17_36098040_G_A_b37	chr17_37738049_A_G_b38
rs11263763,rs11651052,rs11651755	rs11263763	17_36103565_G_A_b37	chr17_37743574_A_G_b38
rs11263763,rs11651052,rs11651755	rs11651052	17_36102381_A_G_b37	chr17_37742390_G_A_b38
rs11263763,rs11651052,rs11651755	rs11651755	17_36099840_C_T_b37	chr17_37739849_T_C_b38
rs8067378	rs8067378	17_38051348_A_G_b37	chr17_39895095_A_G_b38
rs10197940	rs10197940	2_152253918_T_C_b37	chr2_151397404_T_C_b38
rs117194419	rs117194419	17_39570718_G_A_b37	chr17_41414466_G_A_b38
rs9901225	rs9901225	17_40755811_C_T_b37	chr17_42603793_C_T_b38
rs10174077	rs10174077	2_152481712_C_T_b37	chr2_151625198_C_T_b38
rs3820706	rs3820706	2_152957411_T_C_b37	chr2_152100897_T_C_b38
rs1991625	rs1991625	2_153831482_A_G_b37	chr2_152974968_A_G_b38
rs7582141	rs7582141	2_159899489_G_T_b37	chr2_159042977_G_T_b38
rs72826962	rs72826962	17_40836389_C_T_b37	chr17_42684371_C_T_b38
rs17631303,rs1879586,rs4763	rs17631303	17_43516402_A_G_b37	chr17_45439036_A_G_b38
rs17631303,rs1879586,rs4763	rs1879586	17_43567337_C_G_b37	chr17_45489971_C_G_b38
rs17631303,rs1879586,rs4763	rs4763	17_43471489_G_A_b37	chr17_45394123_G_A_b38
rs148760487	rs148760487	2_163778613_A_G_b37	chr2_162922103_A_G_b38
rs17631303,rs4763	rs17631303	17_43516402_A_G_b37	chr17_45439036_A_G_b38
rs17631303,rs4763	rs4763	17_43471489_G_A_b37	chr17_45394123_G_A_b38
rs17631303	rs17631303	17_43516402_A_G_b37	chr17_45439036_A_G_b38
rs4763	rs4763	17_43471489_G_A_b37	chr17_45394123_G_A_b38
rs13014982	rs13014982	2_164326754_G_A_b37	chr2_163470244_G_A_b38
rs68130068	rs68130068	2_173150012_C_T_b37	chr2_172285284_C_T_b38
rs17631303,rs1879586	rs17631303	17_43516402_A_G_b37	chr17_45439036_A_G_b38
rs17631303,rs1879586	rs1879586	17_43567337_C_G_b37	chr17_45489971_C_G_b38
rs1879586	rs1879586	17_43567337_C_G_b37	chr17_45489971_C_G_b38
rs12621278	rs12621278	2_173311553_A_G_b37	chr2_172446825_A_G_b38
rs62061734	rs62061734	17_44018488_T_C_b37	chr17_45941122_T_C_b38
rs7528276	rs7528276	1_39809987_T_C_b37	chr1_39344315_T_C_b38
rs2532263,rs62061734	rs2532263	NA	NA
rs2532263,rs62061734	rs62061734	17_44018488_T_C_b37	chr17_45941122_T_C_b38
rs2532263	rs2532263	NA	NA
rs722864	rs722864	2_173983204_A_G_b37	chr2_173118476_A_G_b38
rs1550623	rs1550623	2_174212894_G_A_b37	chr2_173348166_G_A_b38
rs658191	rs658191	1_39923775_C_G_b37	chr1_39458103_C_G_b38
rs72899227	rs72899227	2_174238699_A_G_b37	chr2_173373971_A_G_b38
rs2072590	rs2072590	2_177042633_A_C_b37	chr2_176177905_A_C_b38
rs2119148	rs2119148	2_182151508_A_G_b37	chr2_181286781_A_G_b38
rs11903757	rs11903757	2_192587204_T_C_b37	chr2_191722478_T_C_b38
rs114962751,rs115635831	rs114962751	2_201935871_T_A_b37	chr2_201071148_T_A_b38
rs114962751,rs115635831	rs115635831	2_201743594_A_G_b37	chr2_200878871_A_G_b38
rs114962751	rs114962751	2_201935871_T_A_b37	chr2_201071148_T_A_b38
rs1830298,rs3769821,rs3769823	rs1830298	2_202181247_C_T_b37	chr2_201316524_C_T_b38
rs1830298,rs3769821,rs3769823	rs3769821	2_202123430_C_T_b37	chr2_201258707_C_T_b38
rs1830298,rs3769821,rs3769823	rs3769823	2_202122995_A_G_b37	chr2_201258272_A_G_b38
rs116464256,rs2532263	rs116464256	5_51379006_G_C_b37	chr5_52083172_G_C_b38
rs116464256,rs2532263	rs2532263	NA	NA
rs2532263,rs4902141	rs2532263	NA	NA
rs2532263,rs4902141	rs4902141	14_62968395_T_C_b37	chr14_62501677_T_C_b38
rs13014235	rs13014235	2_202215492_C_G_b37	chr2_201350769_C_G_b38
rs2714486	rs2714486	2_202249708_A_T_b37	chr2_201384985_A_T_b38
rs2371030	rs2371030	2_211569722_G_A_b37	chr2_210704998_G_A_b38
rs34005590	rs34005590	2_217963060_C_A_b37	chr2_217098337_C_A_b38
rs34005590	rs34005590	2_217963060_C_T_b37	chr2_217098337_C_T_b38
rs183211	rs183211	17_44788310_G_A_b37	chr17_46710944_G_A_b38
rs16857609	rs16857609	2_218296508_C_T_b37	chr2_217431785_C_T_b38
rs76525880	rs76525880	17_46614250_A_T_b37	chr17_48536888_A_T_b38
rs7207826,rs9303542	rs7207826	17_46500673_T_C_b37	chr17_48423311_T_C_b38
rs7207826,rs9303542	rs9303542	17_46411500_A_G_b37	chr17_48334138_A_G_b38
rs9303542	rs9303542	17_46411500_A_G_b37	chr17_48334138_A_G_b38
rs7207826	rs7207826	17_46500673_T_C_b37	chr17_48423311_T_C_b38
rs11693806,rs12990503,rs16857609	rs11693806	2_218292158_C_G_b37	chr2_217427435_C_G_b38
rs11693806,rs12990503,rs16857609	rs12990503	2_218294217_C_G_b37	chr2_217429494_C_G_b38
rs11693806,rs12990503,rs16857609	rs16857609	2_218296508_C_T_b37	chr2_217431785_C_T_b38
rs7210100	rs7210100	17_47436749_G_A_b37	chr17_49359387_G_A_b38
rs11650494	rs11650494	17_47345186_G_A_b37	chr17_49267824_G_A_b38
rs6759952	rs6759952	2_218271719_T_C_b37	chr2_217406996_T_C_b38
rs2075555	rs2075555	17_48274291_T_G_b37	chr17_50196930_T_G_b38
rs6504950	rs6504950	17_53056471_G_A_b37	chr17_54979110_G_A_b38
rs7216064	rs7216064	17_65898809_G_A_b37	chr17_67902693_G_A_b38
rs4793529	rs4793529	17_69118636_T_C_b37	chr17_71122495_T_C_b38
rs11652463,rs11655237	rs11652463	17_70405095_C_G_b37	chr17_72408954_C_G_b38
rs11652463,rs11655237	rs11655237	17_70400166_C_T_b37	chr17_72404025_C_T_b38
rs11655237	rs11655237	17_70400166_C_T_b37	chr17_72404025_C_T_b38
rs4789378	rs4789378	17_74930366_T_C_b37	chr17_76934284_T_C_b38
rs3794742	rs3794742	17_76165548_G_A_b37	chr17_78169467_G_A_b38
rs8082452	rs8082452	NA	NA
rs745570	rs745570	17_77781725_A_G_b37	chr17_79807926_A_G_b38
rs8074440	rs8074440	NA	NA
rs3751913	rs3751913	17_80405552_T_C_b37	chr17_82447676_T_C_b38
rs62079673	rs62079673	17_80555477_T_C_b37	chr17_82597601_T_C_b38
rs898097	rs898097	17_80904310_C_T_b37	chr17_82946434_C_T_b38
rs62091368	rs62091368	18_514471_G_A_b37	chr18_514471_G_A_b38
rs9960703	rs9960703	18_9780846_C_T_b37	chr18_9780849_C_T_b38
rs2847281	rs2847281	18_12821593_A_G_b37	chr18_12821594_A_G_b38
rs981621	rs981621	18_13357200_A_G_b37	chr18_13357201_A_G_b38
rs12962334	rs12962334	18_20477934_G_C_b37	chr18_22897971_G_C_b38
rs9675999	rs9675999	18_20627691_G_A_b37	chr18_23047728_G_A_b38
rs11082321	rs11082321	18_20776651_G_A_b37	chr18_23196687_G_A_b38
rs8098244	rs8098244	18_21405553_A_G_b37	chr18_23825589_A_G_b38
rs6759952,rs966423	rs6759952	2_218271719_T_C_b37	chr2_217406996_T_C_b38
rs6759952,rs966423	rs966423	2_218310340_C_T_b37	chr2_217445617_C_T_b38
rs7240205	rs7240205	18_24156018_C_T_b37	chr18_26576054_C_T_b38
rs1436904	rs1436904	18_24570667_T_G_b37	chr18_26990703_T_G_b38
rs12458099,rs1436904	rs12458099	18_24605439_G_A_b37	chr18_27025475_G_A_b38
rs12458099,rs1436904	rs1436904	18_24570667_T_G_b37	chr18_26990703_T_G_b38
rs117618124	rs117618124	18_29977689_T_C_b37	chr18_32397726_T_C_b38
rs1050631	rs1050631	18_33694120_G_A_b37	chr18_36114157_G_A_b38
rs12957236	rs12957236	18_41899245_G_T_b37	chr18_44319280_G_T_b38
rs6507583	rs6507583	18_42399590_A_G_b37	chr18_44819625_A_G_b38
rs17674580	rs17674580	18_43309911_C_T_b37	chr18_45729946_C_T_b38
rs10775480	rs10775480	18_43317282_T_C_b37	chr18_45737317_T_C_b38
rs10775480,rs17674580	rs10775480	18_43317282_T_C_b37	chr18_45737317_T_C_b38
rs10775480,rs17674580	rs17674580	18_43309911_C_T_b37	chr18_45729946_C_T_b38
rs8098701	rs8098701	18_43551013_C_T_b37	chr18_45971047_C_T_b38
rs7227917	rs7227917	18_45546185_A_G_b37	chr18_48019814_A_G_b38
rs658191,rs7528276	rs658191	1_39923775_C_G_b37	chr1_39458103_C_G_b38
rs658191,rs7528276	rs7528276	1_39809987_T_C_b37	chr1_39344315_T_C_b38
rs8091660	rs8091660	18_46087936_G_T_b37	chr18_48561565_G_T_b38
rs7229639	rs7229639	18_46450976_A_G_b37	chr18_48924606_A_G_b38
rs12953717,rs4939827,rs7226855	rs12953717	18_46453929_C_T_b37	chr18_48927559_C_T_b38
rs12953717,rs4939827,rs7226855	rs4939827	18_46453463_T_C_b37	chr18_48927093_T_C_b38
rs12953717,rs4939827,rs7226855	rs7226855	18_46454048_A_G_b37	chr18_48927678_A_G_b38
rs4939827,rs7226855	rs4939827	18_46453463_T_C_b37	chr18_48927093_T_C_b38
rs4939827,rs7226855	rs7226855	18_46454048_A_G_b37	chr18_48927678_A_G_b38
rs1442089	rs1442089	18_51107079_C_A_b37	chr18_53580709_C_A_b38
rs1978503	rs1978503	18_53664282_A_G_b37	chr18_55997051_A_G_b38
rs1517037	rs1517037	18_56878274_C_T_b37	chr18_59211042_C_T_b38
rs2045438	rs2045438	18_57881362_C_T_b37	chr18_60214129_C_T_b38
rs17749561	rs17749561	18_60783211_G_A_b37	chr18_63115978_G_A_b38
rs2032224	rs2032224	18_61176266_C_A_b37	chr18_63509033_C_A_b38
rs8088832	rs8088832	18_69926757_T_C_b37	chr18_72259522_T_C_b38
rs12970291	rs12970291	18_73017234_G_A_b37	chr18_75305279_G_A_b38
rs11693806,rs12990503	rs11693806	2_218292158_C_G_b37	chr2_217427435_C_G_b38
rs11693806,rs12990503	rs12990503	2_218294217_C_G_b37	chr2_217429494_C_G_b38
rs6510725	rs6510725	19_348743_T_C_b37	chr19_348743_T_C_b38
rs1860661	rs1860661	19_1650134_A_G_b37	chr19_1650135_A_G_b38
rs10425559	rs10425559	19_4837487_A_G_b37	chr19_4837475_A_G_b38
rs72981884	rs72981884	19_4840799_G_C_b37	chr19_4840787_G_C_b38
rs4804368	rs4804368	19_7190290_A_G_b37	chr19_7190279_A_G_b38
rs4804134	rs4804134	19_10568519_T_G_b37	chr19_10457843_T_G_b38
rs111730030	rs111730030	NA	NA
rs2594714	rs2594714	19_13954571_G_A_b37	chr19_13843757_G_A_b38
rs57712673	rs57712673	19_14885800_T_A_b37	chr19_14774988_T_A_b38
rs4594370	rs4594370	19_15012234_A_G_b37	chr19_14901422_A_G_b38
rs4808075,rs56069439	rs4808075	19_17390291_T_C_b37	chr19_17279482_T_C_b38
rs4808075,rs56069439	rs56069439	19_17393925_C_A_b37	chr19_17283116_C_A_b38
rs7249698	rs7249698	19_17210615_G_A_b37	chr19_17099805_G_A_b38
rs1391315	rs1391315	1_40852382_T_G_b37	chr1_40386710_T_G_b38
rs2363956	rs2363956	19_17394124_T_G_b37	chr19_17283315_T_G_b38
rs172032,rs4808801,rs7258465	rs172032	19_18633755_T_C_b37	chr19_18522945_T_C_b38
rs172032,rs4808801,rs7258465	rs4808801	19_18571141_A_G_b37	chr19_18460331_A_G_b38
rs172032,rs4808801,rs7258465	rs7258465	19_18533642_T_C_b37	chr19_18422832_T_C_b38
rs4808801,rs7258465	rs4808801	19_18571141_A_G_b37	chr19_18460331_A_G_b38
rs4808801,rs7258465	rs7258465	19_18533642_T_C_b37	chr19_18422832_T_C_b38
rs4808801	rs4808801	19_18571141_A_G_b37	chr19_18460331_A_G_b38
rs2304098,rs2965183	rs2304098	19_19646272_T_C_b37	chr19_19535463_T_C_b38
rs2304098,rs2965183	rs2965183	19_19545696_G_A_b37	chr19_19434887_G_A_b38
rs2965183	rs2965183	19_19545696_G_A_b37	chr19_19434887_G_A_b38
rs72396995	rs72396995	NA	NA
rs11085466	rs11085466	19_21751811_G_C_b37	chr19_21569009_G_C_b38
rs113701136,rs8102137	rs113701136	19_30277729_C_T_b37	chr19_29786822_C_T_b38
rs113701136,rs8102137	rs8102137	19_30296853_T_C_b37	chr19_29805946_T_C_b38
rs8102137	rs8102137	19_30296853_T_C_b37	chr19_29805946_T_C_b38
rs10411210	rs10411210	19_33532300_C_T_b37	chr19_33041394_C_T_b38
rs10411210,rs7252505	rs10411210	19_33532300_C_T_b37	chr19_33041394_C_T_b38
rs10411210,rs7252505	rs7252505	19_33575064_G_A_b37	chr19_33084158_G_A_b38
rs7252505	rs7252505	19_33575064_G_A_b37	chr19_33084158_G_A_b38
rs28541881	rs28541881	19_34768590_C_T_b37	chr19_34277685_C_T_b38
rs688187	rs688187	NA	NA
rs8108034	rs8108034	19_39813853_T_G_b37	chr19_39323213_T_G_b38
rs66500423	rs66500423	19_41195170_T_C_b37	chr19_40689265_T_C_b38
rs141799618	rs141799618	19_41188078_C_G_b37	chr19_40682173_C_G_b38
rs56113850	rs56113850	19_41353107_T_C_b37	chr19_40847202_T_C_b38
rs1800469	rs1800469	19_41860296_A_G_b37	chr19_41354391_A_G_b38
rs4233486	rs4233486	1_41380440_C_T_b37	chr1_40914768_C_T_b38
rs887391	rs887391	NA	chr19_41479716_T_C_b38
rs2006209	rs2006209	19_42096228_C_T_b37	chr19_41589873_C_T_b38
rs66849333	rs66849333	19_43989018_C_T_b37	chr19_43484866_C_T_b38
rs3760982	rs3760982	19_44286513_A_G_b37	chr19_43782361_A_G_b38
rs375066	rs375066	19_44423570_T_C_b37	chr19_43919418_T_C_b38
rs13181	rs13181	19_45854919_T_G_b37	chr19_45351661_T_G_b38
rs2659124,rs2735839	rs2659124	19_51354597_A_T_b37	chr19_50851341_A_T_b38
rs2659124,rs2735839	rs2735839	19_51364623_A_G_b37	chr19_50861367_A_G_b38
rs17632542	rs17632542	19_51361757_T_C_b37	chr19_50858501_T_C_b38
rs10411161	rs10411161	19_52372976_C_T_b37	chr19_51869723_C_T_b38
rs12981718	rs12981718	19_54567858_G_A_b37	chr19_54064604_G_A_b38
rs1172821	rs1172821	19_55816678_C_T_b37	chr19_55305310_C_T_b38
rs639436	rs639436	19_56032711_A_G_b37	chr19_55521344_A_G_b38
rs12990503	rs12990503	2_218294217_C_G_b37	chr2_217429494_C_G_b38
rs9676308	rs9676308	19_57579077_G_A_b37	chr19_57067709_G_A_b38
rs59586681	rs59586681	20_2220310_A_T_b37	chr20_2239664_A_T_b38
rs214782,rs214785	rs214782	20_2281970_G_A_b37	chr20_2301324_G_A_b38
rs214782,rs214785	rs214785	20_2283457_C_T_b37	chr20_2302811_C_T_b38
rs658495	rs658495	20_3737495_G_A_b37	chr20_3756848_G_A_b38
rs961253	rs961253	20_6404281_C_A_b37	chr20_6423634_C_A_b38
rs1015563	rs1015563	20_6690101_C_T_b37	chr20_6709454_C_T_b38
rs2423279	rs2423279	20_7812350_T_C_b37	chr20_7831703_T_C_b38
rs2745761	rs2745761	20_8277943_G_C_b37	chr20_8297296_G_C_b38
rs6077414	rs6077414	20_8704552_T_C_b37	chr20_8723905_T_C_b38
rs62185668	rs62185668	20_10961935_C_A_b37	chr20_10981287_C_A_b38
rs966423	rs966423	2_218310340_C_T_b37	chr2_217445617_C_T_b38
rs6104690	rs6104690	20_10988099_G_A_b37	chr20_11007451_G_A_b38
rs6105057	rs6105057	20_13229326_A_G_b37	chr20_13248679_A_G_b38
rs4814894	rs4814894	20_19753538_G_A_b37	chr20_19772894_G_A_b38
rs6051080	rs6051080	20_25975674_A_G_b37	chr20_25995038_A_G_b38
rs992157	rs992157	2_219154781_G_A_b37	chr2_218290058_G_A_b38
rs2284378	rs2284378	20_32588095_T_C_b37	chr20_34000289_T_C_b38
rs6059655	rs6059655	20_32665748_A_G_b37	chr20_34077942_A_G_b38
rs910873	rs910873	20_33171772_G_A_b37	chr20_34583968_G_A_b38
rs1885120	rs1885120	20_33576989_C_G_b37	chr20_34989186_C_G_b38
rs6073450	rs6073450	20_43086648_G_A_b37	chr20_44458008_G_A_b38
rs6066825	rs6066825	20_47340117_A_G_b37	chr20_48723580_A_G_b38
rs6122906	rs6122906	20_48945911_A_G_b37	chr20_50329374_A_G_b38
rs12481286	rs12481286	20_52287610_G_T_b37	chr20_53671071_G_T_b38
rs964293	rs964293	20_52816717_C_A_b37	chr20_54200178_C_A_b38
rs4812219	rs4812219	20_59422971_C_T_b37	chr20_60847915_C_T_b38
rs2427308,rs6061231	rs2427308	20_60969451_C_T_b37	chr20_62394395_C_T_b38
rs2427308,rs6061231	rs6061231	20_60956917_C_A_b37	chr20_62381861_C_A_b38
rs2427308	rs2427308	20_60969451_C_T_b37	chr20_62394395_C_T_b38
rs6089829	rs6089829	20_61669036_A_G_b37	chr20_63037684_A_G_b38
rs2236507,rs2297440	rs2236507	20_62323006_G_C_b37	chr20_63691653_G_C_b38
rs2236507,rs2297440	rs2297440	20_62312299_T_C_b37	chr20_63680946_T_C_b38
rs6062509	rs6062509	20_62362563_G_T_b37	chr20_63731211_G_T_b38
rs6062356	rs6062356	20_62879331_T_G_b37	chr20_64247978_T_G_b38
rs7278690	rs7278690	21_16227626_A_G_b37	chr21_14855305_A_G_b38
rs2823093	rs2823093	21_16520832_G_A_b37	chr21_15148511_G_A_b38
rs2403907	rs2403907	21_16574455_C_A_b37	chr21_15202135_C_A_b38
rs11700530	rs11700530	21_18740799_G_A_b37	chr21_17368480_G_A_b38
rs4816890	rs4816890	21_24420502_T_G_b37	chr21_23048180_T_G_b38
rs372883	rs372883	21_30717737_T_C_b37	chr21_29345416_T_C_b38
rs458685	rs458685	21_31177511_A_G_b37	chr21_29805194_A_G_b38
rs16992204	rs16992204	21_36111201_T_C_b37	chr21_34738904_T_C_b38
rs9981861	rs9981861	21_41415044_T_C_b37	chr21_40043117_T_C_b38
rs45430	rs45430	21_42746081_C_T_b37	chr21_41374154_C_T_b38
rs2776353	rs2776353	21_43089017_A_T_b37	chr21_41668857_A_T_b38
rs2838088	rs2838088	21_43092201_C_T_b37	chr21_41672041_C_T_b38
rs1547374	rs1547374	21_43778895_A_G_b37	chr21_42358786_A_G_b38
rs142471995	rs142471995	21_45153706_C_T_b37	chr21_43733825_C_T_b38
rs6005451	rs6005451	22_27852183_T_C_b37	chr22_27456222_T_C_b38
rs62235635	rs62235635	22_28314612_G_A_b37	chr22_27918624_G_A_b38
rs6005807	rs6005807	22_28934313_T_C_b37	chr22_28538325_T_C_b38
rs4822983	rs4822983	22_29115066_C_T_b37	chr22_28719078_C_T_b38
rs181270898	rs181270898	1_41997764_G_A_b37	chr1_41532093_G_A_b38
rs4822983,rs738722	rs4822983	22_29115066_C_T_b37	chr22_28719078_C_T_b38
rs4822983,rs738722	rs738722	22_29130012_T_C_b37	chr22_28734024_T_C_b38
rs16986825	rs16986825	22_29300306_C_T_b37	chr22_28904318_C_T_b38
rs4820803	rs4820803	22_29669648_G_C_b37	chr22_29273659_G_C_b38
rs36600	rs36600	22_30337586_T_C_b37	chr22_29941597_T_C_b38
rs188460188	rs188460188	22_30447102_G_C_b37	chr22_30051113_G_C_b38
rs926340	rs926340	22_31139318_G_A_b37	chr22_30743331_G_A_b38
rs2284063,rs4820318,rs6001027	rs2284063	22_38544298_A_G_b37	chr22_38148291_A_G_b38
rs2284063,rs4820318,rs6001027	rs4820318	22_38570313_G_A_b37	chr22_38174306_G_A_b38
rs2284063,rs4820318,rs6001027	rs6001027	22_38545619_A_G_b37	chr22_38149612_A_G_b38
rs12479355	rs12479355	2_227226952_A_G_b37	chr2_226362236_A_G_b38
rs4820318	rs4820318	22_38570313_G_A_b37	chr22_38174306_G_A_b38
rs9619765	rs9619765	22_39194068_C_T_b37	chr22_38798063_C_T_b38
rs1014971	rs1014971	22_39332623_C_T_b37	chr22_38936618_C_T_b38
rs11679180	rs11679180	2_229642422_G_A_b37	chr2_228777706_G_A_b38
rs11704416,rs9623117	rs11704416	22_40436973_G_C_b37	chr22_40040969_G_C_b38
rs11704416,rs9623117	rs9623117	22_40452119_T_C_b37	chr22_40056115_T_C_b38
rs149207840	rs149207840	2_231144578_TCCTCCTG_T_b37	chr2_230279863_TCCTCCTG_T_b38
rs12483853	rs12483853	22_40539525_G_C_b37	chr22_40143521_G_C_b38
rs12628051	rs12628051	22_40654276_T_C_b37	chr22_40258272_T_C_b38
rs6001930	rs6001930	22_40876234_T_C_b37	chr22_40480230_T_C_b38
rs1656402	rs1656402	2_233426526_C_T_b37	chr2_232561816_C_T_b38
rs6001930,rs6001982	rs6001930	22_40876234_T_C_b37	chr22_40480230_T_C_b38
rs6001930,rs6001982	rs6001982	22_41019948_C_A_b37	chr22_40623944_C_A_b38
rs6001982	rs6001982	22_41019948_C_A_b37	chr22_40623944_C_A_b38
rs11892031	rs11892031	2_234565283_A_C_b37	chr2_233656637_A_C_b38
rs140614180	rs140614180	22_41617557_T_C_b37	chr22_41221553_T_C_b38
rs117078955	rs117078955	22_41897987_C_T_b37	chr22_41501983_C_T_b38
rs4820477	rs4820477	22_43141093_G_C_b37	chr22_42745087_G_C_b38
rs742134	rs742134	22_43518275_A_G_b37	chr22_43122269_A_G_b38
rs28512361	rs28512361	NA	NA
rs79724016	rs79724016	1_42137311_T_G_b37	chr1_41671640_T_G_b38
rs7606512	rs7606512	2_235609674_C_T_b37	chr2_234701030_C_T_b38
rs7584330	rs7584330	2_238387228_A_G_b37	chr2_237478585_A_G_b38
rs12077974	rs12077974	1_46384141_G_A_b37	chr1_45918469_G_A_b38
rs2292884	rs2292884	2_238443226_A_G_b37	chr2_237534583_A_G_b38
rs3771570	rs3771570	2_242382864_C_T_b37	chr2_241443449_C_T_b38
rs6763848	rs6763848	3_1512587_C_A_b37	chr3_1470903_C_A_b38
rs6762644	rs6762644	3_4742276_A_G_b37	chr3_4700592_A_G_b38
rs1375631	rs1375631	3_16778867_A_G_b37	chr3_16737360_A_G_b38
rs1357245	rs1357245	3_27186602_C_T_b37	chr3_27145111_C_T_b38
rs653465	rs653465	3_27343644_C_T_b37	chr3_27302153_C_T_b38
rs9880772	rs9880772	3_27777779_G_A_b37	chr3_27736288_G_A_b38
rs73822569	rs73822569	3_28332235_A_G_b37	chr3_28290744_A_G_b38
rs1530057	rs1530057	3_29575463_G_T_b37	chr3_29533972_G_T_b38
rs9311171	rs9311171	3_37996477_T_G_b37	chr3_37954986_T_G_b38
rs35360328	rs35360328	3_40924962_T_A_b37	chr3_40883471_T_A_b38
rs6763508	rs6763508	3_41750989_T_C_b37	chr3_41709497_T_C_b38
rs8180040	rs8180040	3_47388947_T_A_b37	chr3_47347457_T_A_b38
rs61729152	rs61729152	3_49166460_C_T_b37	chr3_49129027_C_T_b38
rs3773582	rs3773582	3_55017749_A_G_b37	chr3_54983722_A_G_b38
rs1916284	rs1916284	3_57394766_T_C_b37	chr3_57409039_T_C_b38
rs1053338,rs3821902	rs1053338	3_63967900_A_G_b37	chr3_63982224_A_G_b38
rs1053338,rs3821902	rs3821902	3_63941697_T_G_b37	chr3_63956021_T_G_b38
rs812481	rs812481	3_66442435_C_G_b37	chr3_66392011_C_G_b38
rs11706832	rs11706832	3_66502981_A_C_b37	chr3_66452557_A_C_b38
rs6805189	rs6805189	3_71532113_T_C_b37	chr3_71482962_T_C_b38
rs62246017	rs62246017	3_71483084_G_A_b37	chr3_71433933_G_A_b38
rs2116709	rs2116709	3_71621669_T_A_b37	chr3_71572518_T_A_b38
rs13066793	rs13066793	3_87037543_A_G_b37	chr3_86988393_A_G_b38
rs2660753	rs2660753	3_87110674_T_C_b37	chr3_87061524_T_C_b38
rs17023900	rs17023900	3_87134800_A_G_b37	chr3_87085650_A_G_b38
rs9833888	rs9833888	3_99723580_G_T_b37	chr3_100004736_G_T_b38
rs9833888,rs9837602	rs9833888	3_99723580_G_T_b37	chr3_100004736_G_T_b38
rs9833888,rs9837602	rs9837602	3_99824685_G_A_b37	chr3_100105841_G_A_b38
rs651907	rs651907	3_101600724_T_C_b37	chr3_101881880_T_C_b38
rs2593957	rs2593957	3_108703025_T_C_b37	chr3_108984178_T_C_b38
rs4855695	rs4855695	3_108851484_T_C_b37	chr3_109132637_T_C_b38
rs1002979	rs1002979	3_112497880_T_C_b37	chr3_112779033_T_C_b38
rs10934853	rs10934853	3_128038373_C_A_b37	chr3_128319530_C_A_b38
rs1707302	rs1707302	1_46600917_A_G_b37	chr1_46135245_A_G_b38
rs6763931	rs6763931	3_141102833_G_A_b37	chr3_141383991_G_A_b38
rs6776003	rs6776003	3_141266493_G_A_b37	chr3_141547651_G_A_b38
rs4381241	rs4381241	1_50907438_T_C_b37	chr1_50441766_T_C_b38
rs295315	rs295315	3_141362225_A_G_b37	chr3_141643383_A_G_b38
rs295315,rs868767	rs295315	3_141362225_A_G_b37	chr3_141643383_A_G_b38
rs295315,rs868767	rs868767	3_141377330_A_G_b37	chr3_141658488_A_G_b38
rs868767	rs868767	3_141377330_A_G_b37	chr3_141658488_A_G_b38
rs2203002	rs2203002	3_141796239_C_T_b37	chr3_142077397_C_T_b38
rs1164302	rs1164302	3_144377200_T_C_b37	chr3_144658358_T_C_b38
rs6788895	rs6788895	3_150467808_G_T_b37	chr3_150750021_G_T_b38
rs62274041	rs62274041	3_156435640_G_A_b37	chr3_156717851_G_A_b38
rs13376700	rs13376700	1_51477643_T_A_b37	chr1_51011971_T_A_b38
rs7637701	rs7637701	3_156645757_G_A_b37	chr3_156927968_G_A_b38
rs12638862,rs6793295	rs12638862	3_169477506_A_G_b37	chr3_169759718_A_G_b38
rs12638862,rs6793295	rs6793295	3_169518455_T_C_b37	chr3_169800667_T_C_b38
rs10936599,rs3772190,rs6793295	rs10936599	3_169492101_C_T_b37	chr3_169774313_C_T_b38
rs10936599,rs3772190,rs6793295	rs3772190	3_169500487_G_A_b37	chr3_169782699_G_A_b38
rs10936599,rs3772190,rs6793295	rs6793295	3_169518455_T_C_b37	chr3_169800667_T_C_b38
rs10936599,rs3772190	rs10936599	3_169492101_C_T_b37	chr3_169774313_C_T_b38
rs10936599,rs3772190	rs3772190	3_169500487_G_A_b37	chr3_169782699_G_A_b38
rs10936599	rs10936599	3_169492101_C_T_b37	chr3_169774313_C_T_b38
rs10936602,rs1920116	rs10936602	3_169536637_T_C_b37	chr3_169818849_T_C_b38
rs10936602,rs1920116	rs1920116	3_169579971_G_A_b37	chr3_169862183_G_A_b38
rs478665	rs478665	1_65515533_A_G_b37	chr1_65049850_A_G_b38
rs9839909	rs9839909	3_171508463_T_C_b37	chr3_171790673_T_C_b38
rs3914272	rs3914272	3_171558536_G_A_b37	chr3_171840746_G_A_b38
rs13074711	rs13074711	3_172267803_T_C_b37	chr3_172550013_T_C_b38
rs58058861	rs58058861	3_172285237_G_A_b37	chr3_172567447_G_A_b38
rs16832889	rs16832889	3_181851284_A_C_b37	chr3_182133496_A_C_b38
rs6773854	rs6773854	3_187649419_T_C_b37	chr3_187931631_T_C_b38
rs11715549	rs11715549	3_188088118_C_G_b37	chr3_188370330_C_G_b38
rs6444305	rs6444305	3_188299902_G_A_b37	chr3_188582114_G_A_b38
rs6791479	rs6791479	3_189205032_T_A_b37	chr3_189487243_T_A_b38
rs710521	rs710521	3_189645933_T_C_b37	chr3_189928144_T_C_b38
rs17382996	rs17382996	1_78412779_C_A_b37	chr1_77947094_C_A_b38
rs7626795	rs7626795	3_190350461_A_G_b37	chr3_190632672_A_G_b38
rs71641333	rs71641333	1_78743005_T_A_b37	chr1_78277321_T_A_b38
rs366403	rs366403	3_191119656_G_A_b37	chr3_191401867_G_A_b38
rs2131877	rs2131877	3_194858374_G_A_b37	chr3_195137645_G_A_b38
rs798766	rs798766	4_1734239_T_C_b37	chr4_1732512_T_C_b38
rs6700362	rs6700362	1_78977715_C_T_b37	chr1_78512030_C_T_b38
rs13129679	rs13129679	4_2576102_G_A_b37	chr4_2574375_G_A_b38
rs735172	rs735172	4_5758869_T_C_b37	chr4_5757142_T_C_b38
rs71610881	rs71610881	4_26003646_G_A_b37	chr4_26002024_G_A_b38
rs6815814	rs6815814	4_38816338_A_C_b37	chr4_38814717_A_C_b38
rs34443463	rs34443463	1_78995535_T_A_b37	chr1_78529850_T_A_b38
rs12500234	rs12500234	4_39619870_G_T_b37	chr4_39618250_G_T_b38
rs4396968	rs4396968	4_47089184_T_C_b37	chr4_47087167_T_C_b38
rs4865169	rs4865169	4_57879792_C_T_b37	chr4_57013626_C_T_b38
rs62315512	rs62315512	4_68081561_G_A_b37	chr4_67215843_G_A_b38
rs6853410	rs6853410	4_82693536_A_G_b37	chr4_81772382_A_G_b38
rs11733008	rs11733008	4_88671938_C_T_b37	chr4_87750786_C_T_b38
rs10022462	rs10022462	4_89243818_C_T_b37	chr4_88322666_C_T_b38
rs13130787	rs13130787	4_94887031_T_C_b37	chr4_93965880_T_C_b38
rs7697932	rs7697932	4_101005318_A_G_b37	chr4_100084161_A_G_b38
rs4698934	rs4698934	4_106139387_T_C_b37	chr4_105218230_T_C_b38
rs17035310	rs17035310	4_106064754_C_T_b37	chr4_105143597_C_T_b38
rs12118390	rs12118390	1_80911114_G_A_b37	chr1_80445429_G_A_b38
rs9790517	rs9790517	4_106084778_C_T_b37	chr4_105163621_C_T_b38
rs2726492	rs2726492	4_106195541_T_C_b37	chr4_105274384_T_C_b38
rs77928427	rs77928427	4_106356761_C_A_b37	chr4_105435604_C_A_b38
rs11941078	rs11941078	4_111513721_G_C_b37	chr4_110592565_G_C_b38
rs10023113	rs10023113	4_114546704_A_G_b37	chr4_113625548_A_G_b38
rs150340921	rs150340921	1_83937321_G_T_b37	chr1_83471638_G_T_b38
rs151170584	rs151170584	4_133740380_TA_T_b37	chr4_132819225_TA_T_b38
rs35509282	rs35509282	4_163333405_T_A_b37	chr4_162412253_T_A_b38
rs2320614	rs2320614	4_164070122_T_C_b37	chr4_163148970_T_C_b38
rs1479090	rs1479090	4_164101524_T_A_b37	chr4_163180372_T_A_b38
rs9308062	rs9308062	4_164438200_T_C_b37	chr4_163517048_T_C_b38
rs79669866	rs79669866	4_165323949_G_A_b37	chr4_164402797_G_A_b38
rs11583393	rs11583393	1_88429024_C_A_b37	chr1_87963341_C_A_b38
rs4691139	rs4691139	4_165908721_A_G_b37	chr4_164987569_A_G_b38
rs55656647	rs55656647	4_181959788_T_C_b37	chr4_181038635_T_C_b38
rs190996050	rs190996050	5_1048607_T_C_b37	chr5_1048492_T_C_b38
rs78154696,rs79398649	rs78154696	5_1000156_G_A_b37	chr5_1000041_G_A_b38
rs78154696,rs79398649	rs79398649	5_1004702_G_T_b37	chr5_1004587_G_T_b38
rs78154696	rs78154696	5_1000156_G_A_b37	chr5_1000041_G_A_b38
rs12517665	rs12517665	5_1128736_G_A_b37	chr5_1128621_G_A_b38
rs7705526,rs7726159	rs7705526	5_1285974_C_A_b37	chr5_1285859_C_A_b38
rs7705526,rs7726159	rs7726159	5_1282319_C_A_b37	chr5_1282204_C_A_b38
rs2736100,rs7705526,rs7726159	rs2736100	5_1286516_C_A_b37	chr5_1286401_C_A_b38
rs2736100,rs7705526,rs7726159	rs7705526	5_1285974_C_A_b37	chr5_1285859_C_A_b38
rs2736100,rs7705526,rs7726159	rs7726159	5_1282319_C_A_b37	chr5_1282204_C_A_b38
rs2736100,rs7726159	rs2736100	5_1286516_C_A_b37	chr5_1286401_C_A_b38
rs2736100,rs7726159	rs7726159	5_1282319_C_A_b37	chr5_1282204_C_A_b38
rs2736100	rs2736100	5_1286516_C_A_b37	chr5_1286401_C_A_b38
rs2853677	rs2853677	5_1287194_G_A_b37	chr5_1287079_G_A_b38
rs31489,rs31490,rs421629,rs452932,rs467095,rs4975616	rs31489	5_1342714_C_A_b37	chr5_1342599_C_A_b38
rs31489,rs31490,rs421629,rs452932,rs467095,rs4975616	rs31490	5_1344458_G_A_b37	chr5_1344343_G_A_b38
rs31489,rs31490,rs421629,rs452932,rs467095,rs4975616	rs421629	5_1320136_G_A_b37	chr5_1320021_G_A_b38
rs31489,rs31490,rs421629,rs452932,rs467095,rs4975616	rs452932	5_1330253_T_C_b37	chr5_1330138_T_C_b38
rs31489,rs31490,rs421629,rs452932,rs467095,rs4975616	rs467095	5_1336221_T_C_b37	chr5_1336106_T_C_b38
rs31489,rs31490,rs421629,rs452932,rs467095,rs4975616	rs4975616	5_1315660_G_A_b37	chr5_1315545_G_A_b38
rs31489,rs31490,rs421284,rs421629,rs452932,rs467095,rs4975616	rs31489	5_1342714_C_A_b37	chr5_1342599_C_A_b38
rs31489,rs31490,rs421284,rs421629,rs452932,rs467095,rs4975616	rs31490	5_1344458_G_A_b37	chr5_1344343_G_A_b38
rs31489,rs31490,rs421284,rs421629,rs452932,rs467095,rs4975616	rs421284	5_1325590_T_C_b37	chr5_1325475_T_C_b38
rs31489,rs31490,rs421284,rs421629,rs452932,rs467095,rs4975616	rs421629	5_1320136_G_A_b37	chr5_1320021_G_A_b38
rs31489,rs31490,rs421284,rs421629,rs452932,rs467095,rs4975616	rs452932	5_1330253_T_C_b37	chr5_1330138_T_C_b38
rs31489,rs31490,rs421284,rs421629,rs452932,rs467095,rs4975616	rs467095	5_1336221_T_C_b37	chr5_1336106_T_C_b38
rs31489,rs31490,rs421284,rs421629,rs452932,rs467095,rs4975616	rs4975616	5_1315660_G_A_b37	chr5_1315545_G_A_b38
rs31489,rs31490,rs380286,rs401681,rs421284,rs421629,rs452932,rs467095,rs4975616	rs31489	5_1342714_C_A_b37	chr5_1342599_C_A_b38
rs31489,rs31490,rs380286,rs401681,rs421284,rs421629,rs452932,rs467095,rs4975616	rs31490	5_1344458_G_A_b37	chr5_1344343_G_A_b38
rs31489,rs31490,rs380286,rs401681,rs421284,rs421629,rs452932,rs467095,rs4975616	rs380286	5_1320247_G_A_b37	chr5_1320132_G_A_b38
rs31489,rs31490,rs380286,rs401681,rs421284,rs421629,rs452932,rs467095,rs4975616	rs401681	5_1322087_C_T_b37	chr5_1321972_C_T_b38
rs31489,rs31490,rs380286,rs401681,rs421284,rs421629,rs452932,rs467095,rs4975616	rs421284	5_1325590_T_C_b37	chr5_1325475_T_C_b38
rs31489,rs31490,rs380286,rs401681,rs421284,rs421629,rs452932,rs467095,rs4975616	rs421629	5_1320136_G_A_b37	chr5_1320021_G_A_b38
rs31489,rs31490,rs380286,rs401681,rs421284,rs421629,rs452932,rs467095,rs4975616	rs452932	5_1330253_T_C_b37	chr5_1330138_T_C_b38
rs31489,rs31490,rs380286,rs401681,rs421284,rs421629,rs452932,rs467095,rs4975616	rs467095	5_1336221_T_C_b37	chr5_1336106_T_C_b38
rs31489,rs31490,rs380286,rs401681,rs421284,rs421629,rs452932,rs467095,rs4975616	rs4975616	5_1315660_G_A_b37	chr5_1315545_G_A_b38
rs12081674,rs78359677	rs12081674	1_90337025_A_G_b37	chr1_89871466_A_G_b38
rs12081674,rs78359677	rs78359677	NA	NA
rs31490,rs380286,rs401681,rs421284,rs421629,rs452932,rs467095,rs4975616	rs31490	5_1344458_G_A_b37	chr5_1344343_G_A_b38
rs31490,rs380286,rs401681,rs421284,rs421629,rs452932,rs467095,rs4975616	rs380286	5_1320247_G_A_b37	chr5_1320132_G_A_b38
rs31490,rs380286,rs401681,rs421284,rs421629,rs452932,rs467095,rs4975616	rs401681	5_1322087_C_T_b37	chr5_1321972_C_T_b38
rs31490,rs380286,rs401681,rs421284,rs421629,rs452932,rs467095,rs4975616	rs421284	5_1325590_T_C_b37	chr5_1325475_T_C_b38
rs31490,rs380286,rs401681,rs421284,rs421629,rs452932,rs467095,rs4975616	rs421629	5_1320136_G_A_b37	chr5_1320021_G_A_b38
rs31490,rs380286,rs401681,rs421284,rs421629,rs452932,rs467095,rs4975616	rs452932	5_1330253_T_C_b37	chr5_1330138_T_C_b38
rs31490,rs380286,rs401681,rs421284,rs421629,rs452932,rs467095,rs4975616	rs467095	5_1336221_T_C_b37	chr5_1336106_T_C_b38
rs31490,rs380286,rs401681,rs421284,rs421629,rs452932,rs467095,rs4975616	rs4975616	5_1315660_G_A_b37	chr5_1315545_G_A_b38
rs12081674	rs12081674	1_90337025_A_G_b37	chr1_89871466_A_G_b38
rs31490,rs380286,rs401681,rs421284,rs421629,rs452932,rs467095	rs31490	5_1344458_G_A_b37	chr5_1344343_G_A_b38
rs31490,rs380286,rs401681,rs421284,rs421629,rs452932,rs467095	rs380286	5_1320247_G_A_b37	chr5_1320132_G_A_b38
rs31490,rs380286,rs401681,rs421284,rs421629,rs452932,rs467095	rs401681	5_1322087_C_T_b37	chr5_1321972_C_T_b38
rs31490,rs380286,rs401681,rs421284,rs421629,rs452932,rs467095	rs421284	5_1325590_T_C_b37	chr5_1325475_T_C_b38
rs31490,rs380286,rs401681,rs421284,rs421629,rs452932,rs467095	rs421629	5_1320136_G_A_b37	chr5_1320021_G_A_b38
rs31490,rs380286,rs401681,rs421284,rs421629,rs452932,rs467095	rs452932	5_1330253_T_C_b37	chr5_1330138_T_C_b38
rs31490,rs380286,rs401681,rs421284,rs421629,rs452932,rs467095	rs467095	5_1336221_T_C_b37	chr5_1336106_T_C_b38
rs31489	rs31489	5_1342714_C_A_b37	chr5_1342599_C_A_b38
rs2617583	rs2617583	5_1453344_C_A_b37	chr5_1453229_C_A_b38
rs4406174	rs4406174	5_1519079_C_T_b37	chr5_1518964_C_T_b38
rs6897545	rs6897545	5_1619135_G_C_b37	chr5_1619020_G_C_b38
rs4474258	rs4474258	1_95081445_C_T_b37	chr1_94615889_C_T_b38
rs1566691	rs1566691	5_3727179_A_G_b37	chr5_3727065_A_G_b38
rs10040610	rs10040610	5_6353815_T_C_b37	chr5_6353702_T_C_b38
rs6668441	rs6668441	1_102242917_A_G_b37	chr1_101777361_A_G_b38
rs1092913	rs1092913	5_10467702_G_A_b37	chr5_10467590_G_A_b38
rs66783663	rs66783663	5_22642534_C_T_b37	chr5_22642425_C_T_b38
rs2255280	rs2255280	5_39394989_C_A_b37	chr5_39394887_C_A_b38
rs13169563	rs13169563	5_43054747_A_G_b37	chr5_43054645_A_G_b38
rs35029702	rs35029702	5_43891436_G_A_b37	chr5_43891334_G_A_b38
rs4415084	rs4415084	5_44662515_C_T_b37	chr5_44662413_C_T_b38
rs10941679	rs10941679	5_44706498_A_G_b37	chr5_44706396_A_G_b38
rs930395	rs930395	5_44822458_G_A_b37	chr5_44822356_G_A_b38
